70846	Cer 17:1;O2
70775	SM 17:1;O2
58332	CDPDAG
60110	PA
62237	CL
71466	NAE 18:1(9Z)
71464	NAE 16:0
71377	Cer 17:1(4);(OH)2/22:0
71375	Cer 17:1(4);(OH)2/21:0
71378	Cer 17:1(4);(OH)2/21:0;OH
71380	Cer 17:1(4);(OH)2/22:0;OH
71381	Cer 17:1(4);(OH)2/24:0
71385	Cer 17:1(4);(OH)2/26:0
71388	Cer 17:1(4);(OH)2/26:0;OH
70938	SM 17:1(4);OH/26:0
71384	Cer 17:1(4);(OH)2/24:0;OH
71386	Cer 17:1(4);(OH)2/25:0;OH
70903	SM 17:1(4);OH/21:0
70910	SM 17:1(4);OH/22:0
71379	Cer 17:1(4);(OH)2/23:0
64612	PE
64716	PG
70845	Cer 17:0;O2
57643	PC
17815	DG
71234	Cer 17:0;O3
70776	SM 17:0;O3
70815	GlcCer 17:1;O2
31488	Cer 18:0;O2
2700	NAE 20:4(5Z,8Z,11Z,14Z)
31998	Cer 18:0;O3
57880	PI
58608	PA
57970	LPA
64771	LPI
64379	LPS
57262	PS
64683	MG
58088	PIP(3')
57923	PIP2(3',5')
58178	PIP(4')
58456	PIP2(4',5')
58168	LPC
64615	TG
64381	LPE
17389	MG
167057	MLCL
52640	NAE
64840	LPG
64941	IPC 18:0;O2
64916	IPC
17855	TG
18035	DG
17408	MG
64032	NAE 18:2(9Z,12Z)
71467	NAE 22:5(5Z,8Z,11Z,14Z,17Z)
71465	NAE 16:1(9Z)
52639	Cer 18:1;O2
57518	LPA 16:0/0:0
64839	PA 16:0/18:1(9Z)
49172	DG
57405	PGH2
57406	FA 20:2(5,13);[cy5:0;OH;oxo];OH
57404	PGF2
30909	LPC-O
15850	MG-O
58014	LPA-O
60520	PE-O
52961	Cer 18:0;1OH,3OH/24:0
52962	Cer 18:0;1OH,3OH/26:0
133606	PI 18:0/20:4(5Z,8Z,11Z,14Z)
72999	PC 16:0/16:0
47777	DG
52392	MG 0:0/20:4(5Z,8Z,11Z,14Z)/0:0
46898	SE 27:1/18:1(9Z)
7896	FA 16:0
75524	DG
26739	SL
75973	SHexCer 18:1(4);OH/22:0
75974	SHexCer 18:1(4);OH/24:0
75186	GalCer(1) 18:1(4E);3OH/24:0
64872	LPI
65107	Cer 18:0;1OH,3OH,4OH/16:0
72959	Cer 18:1(4E);1OH,3OH/16:0
72961	Cer 18:1(4E);1OH,3OH/18:0
72998	LPC 16:0/0:0
73000	PC 16:0/18:0
70917	SM 17:1(4);OH/23:0
71382	Cer 17:1(4);(OH)2/30:0;OH
74178	Cer 17:0;(OH)2/22:0
67042	Cer 18:0;1OH,3OH/16:0
17636	SM 18:1;O2
73203	EPC 18:1;O2
64496	LPC O-16:0/0:0
34115	MG O-16:0/0:0/0:0
52595	DG-O
36702	PC-O
73332	PA-O
67021	Cer 18:0;1OH,3OH/22:0
67033	Cer 18:0;1OH,3OH/18:0
67027	Cer 18:0;1OH,3OH/20:0
67045	Cer 18:0;1OH,3OH/14:0
74100	Cer 18:0;1OH,3OH/18:1(9Z)
52371	Cer 18:0;1OH,3OH/24:0;2OH
67023	Cer 18:0;1OH,3OH/22:0;2OH
67034	Cer 18:0;1OH,3OH/18:0;2OH
67043	Cer 18:0;1OH,3OH/16:0;2OH
74130	Cer 18:0;1OH,3OH/24:1(15Z)
74132	Cer 18:0;1OH,3OH/26:1(17Z)
72965	Cer 18:1(4E);1OH,3OH/24:0
74544	LPA 18:1(9Z)/0:0
74551	PA 18:1(9Z)/16:0
74552	PA 18:1(9Z)/18:0
74554	LPA 17:0/0:0
74556	PA 17:0/18:1(9Z)
74565	LPA 18:0/0:0
74560	PA 18:0/18:1(9Z)
74558	PA 18:1(9Z)/17:0
74579	PA 18:1(9Z)/14:0
74578	PA 18:1(9Z)/15:0
74583	LPA 20:0/0:0
74584	PA 20:0/18:1(9Z)
72683	LPA 14:0/0:0
74586	PA 14:0/18:1(9Z)
72682	LPA 12:0/0:0
73001	PC 16:0/18:1(9Z)
74000	PC 16:0/16:1(9Z)
73998	PA 16:0/16:1(9Z)
73004	LPE 16:0/0:0
74617	LPS 18:1(9Z)/0:0
74667	PC 18:1(9Z)/16:0
74905	PS 18:1(9Z)/18:1(9Z)
73999	PE 16:0/16:1(9Z)
73007	PE 16:0/18:1(9Z)
74937	PA 18:1(9Z)/20:0
75018	PC 16:0/12:0
74966	LPC 12:0/0:0
75017	PC 12:0/16:0
73858	LPC 18:0/0:0
75034	PC 18:0/18:1(9Z)
72857	PA 16:0/18:0
72858	PA 16:0/14:0
75104	PA 18:1(9Z)/19:0
75122	PA 18:1(9Z)/18:1(11Z)
75124	PA 18:1(9Z)/18:1(6Z)
72833	LPI 16:0/0:0
72836	PI 16:0/18:0
72837	PI 16:0/18:1(9Z)
75158	LPG 16:0/0:0
72839	PG 16:0/18:0
72841	PG 16:0/18:1(9Z)
72827	LPG 18:0/0:0
72845	PG 18:0/18:1(9Z)
64489	LPC 14:0/0:0
75062	PC 14:0/16:0
75216	LPC O-18:0/0:0
75219	PC 16:0/2:0
75220	PC 18:0/2:0
44811	PC O-16:0/2:0
72744	PC O-16:0/16:0
75290	PC O-18:0/16:0
74968	LPC 20:0/0:0
75294	PC 20:0/16:0
75301	PC 16:0/6:0
75302	PC 16:0/8:0
75300	PC 16:0/10:0
75304	PC 16:0/14:0
57875	LPC
74546	PA 18:1(9Z)/18:1(9Z)
82922	PA 18:1(9Z)/18:1(9Z)
74547	LPA 18:2(9Z,12Z)/0:0
74548	PA 18:2(9Z,12Z)/18:1(9Z)
74549	LPA 18:3(9Z,12Z,15Z)/0:0
74550	PA 18:3(9Z,12Z,15Z)/18:1(9Z)
74563	PA 18:1(9Z)/18:2(9Z,12Z)
74581	LPA 18:3(6Z,9Z,12Z)/0:0
74582	PA 18:3(6Z,9Z,12Z)/18:1(9Z)
73002	PC 16:0/18:2(9Z,12Z)
73003	PC 16:0/20:4(5Z,8Z,11Z,14Z)
72860	PA 16:0/18:2(9Z,12Z)
73009	PE 16:0/20:4(5Z,8Z,11Z,14Z)
74892	PS 18:1(9Z)/18:2(9Z,12Z)
74897	PS 18:1(9Z)/20:4(5Z,8Z,11Z,14Z)
74669	PC 18:1(9Z)/18:1(9Z)
74670	PC 18:1(9Z)/18:2(9Z,12Z)
74671	PC 18:1(9Z)/20:4(5Z,8Z,11Z,14Z)
72864	PA 16:0/20:4(5Z,8Z,11Z,14Z)
74928	PA 18:1(9Z)/20:4(5Z,8Z,11Z,14Z)
74938	LPA 20:4(5Z,8Z,11Z,14Z)/0:0
74941	PA 20:4(5Z,8Z,11Z,14Z)/18:1(9Z)
74963	PC 16:0/22:6(4Z,7Z,10Z,13Z,16Z,19Z)
73008	PE 16:0/18:2(9Z,12Z)
72859	PA 16:0/16:0
72835	PI 16:0/16:0
72838	PI 16:0/18:2(9Z,12Z)
72834	PI 16:0/20:4(5Z,8Z,11Z,14Z)
72829	PG 16:0/16:0
72840	PG 16:0/18:2(9Z,12Z)
17761	Cer derivatives
64997	MIPC
74997	M(IP)2C
76751	Cer 18:1(4);(OH)2/16:0;OH
76754	Cer 18:1(4);(OH)2/18:0;OH
76756	Cer 18:1(4);(OH)2/24:0;OH
76758	Cer 18:1(4);(OH)2/24:1(15);OH
72826	LPG 14:0/0:0
72830	PG 14:0/16:0
72831	PG 18:0/16:0
72828	LPG 18:1(9Z)/0:0
72832	PG 18:1(9Z)/16:0
77091	PA 18:0/20:4(5Z,8Z,11Z,14Z)
77126	PA 20:4(5Z,8Z,11Z,14Z)/20:4(5Z,8Z,11Z,14Z)
17950	LacCer 18:1;O2
57973	LTC4
76079	LPC 0:0/20:4(5Z,8Z,11Z,14Z)
72966	Cer 18:1(4E);1OH,3OH/22:0
57674	CerP 18:1;O2
77288	LPE-P
57461	FA 20:4(6,8,10,14);(OH)2
606564	FA 20:2(5,13);[cy5:0;OH;oxo];OH
57836	PIP3(3',4',5')
18390	GalCer 18:1;O2
73110	Gal-GalNAc-NeuAc-Gal-Glc-Cer(1) 18:1(4E);3OH/18:0
18313	Hex3Cer 18:1;O2
57463	LTA4
22801	GlcCer 18:1;O2
35915	SE
72957	Cer 18:1(4E);1OH,3OH/14:0
66996	Cer 20:0;1OH,3OH,4OH/26:0;2OH
76584	TG-O
28868	FA
27938	Hex3HexNAcCer 18:1;O2
64583	SM
75956	SulfoGalCer 18:1;O2
77342	LPS 0:0/18:1(9Z)
60065	Hex2NeuAcCer 18:1;O2
78445	GD1a(d18:1(4E))
71502	Hex2HexNAcNeuAcCer 18:1;O2
78542	Hex2HexNAcNeuAc2Cer 18:1;O2
78436	Hex2NeuAc2Cer 18:1;O2
78568	GM1b 18:1;O2
46979	Cer 18:1(4E);1OH,3OH/2:0
57795	PIP(5')
78050	FA 18:4
79010	PGD1
78182	PA-O
78183	PA-P
78166	LPA
78167	LPA
78168	LPA-O
78174	LPA-P
78186	PC-O
78188	PC-P-O
78191	LPC
78192	LPC
78193	LPC-O
78195	LPC-P
78197	PE-O
78198	PE-P
78170	LPE
78200	LPE
78202	LPE-O
78203	LPE-P
78211	LPG
78212	LPG
78876	PI-O
78875	PI-P
78232	LPI
78233	LPI
78873	LPI-O
78872	LPI-P
78224	PS-O
78882	PS-O
78213	LPS
78214	LPS
78880	LPS-O
78881	LPS-P
78225	PS-O
78185	GPA
36313	GPC
36314	GPE
24360	GPG
36315	GPI
35766	GPS
37739	GP
78113	FA 3:0
78115	FA 4:0
78116	FA 6:0
78117	FA 8:0
78118	FA 10:0
78119	FA 12:0
78120	FA 13:0
78121	FA 14:0
78896	FA 14:1
78122	FA 15:0
78123	FA 16:0
78095	FA 16:1
78096	FA 16:2
78124	FA 17:0
78125	FA 18:0
78049	FA 18:1
25626	FA 18:2
36434	FA 18:3
78892	FA 19:0
78126	FA 20:0
78075	FA 20:1
78073	FA 20:2
78072	FA 20:3
62920	FA 20:4
61330	FA 20:5
78893	FA 21:0
78127	FA 22:0
78076	FA 22:1
78894	FA 22:2
78895	FA 22:3
78069	FA 22:4
78053	FA 22:5
78060	FA 22:6
78128	FA 24:0
78068	FA 24:1
78061	FA 24:4
78052	FA 24:5
78056	FA 24:6
78129	FA 26:0
78055	FA 26:1
78054	FA 26:4
78051	FA 26:5
78057	FA 26:6
78130	FA 28:0
78062	FA 28:4
78063	FA 28:5
78066	FA 28:6
78131	FA 30:0
78079	FA 30:4
78077	FA 30:5
78080	FA 30:6
78081	FA 32:4
78082	FA 32:5
78083	FA 32:6
78086	FA 34:4
78087	FA 34:5
78088	FA 34:6
78089	FA 36:4
78091	FA 36:5
78092	FA 36:6
78093	FA 38:4
78094	FA 38:5
78789	LPS-P
78790	LPS-O
65218	PI-O
78792	PI-P
78793	LPI-O
78794	LPI-P
64396	LPC O-18:1(9Z)/0:0
78102	LPC O-14:0/0:0
74901	PS 18:1(9Z)/16:1(9Z)
74909	PS 18:1(9Z)/16:0
74902	PS 18:1(9Z)/18:0
65224	PS 12:0/12:0
111515	PS 16:0/16:0
65223	PS 8:0/8:0
78262	PS 16:0/22:6(4Z,7Z,10Z,13Z,16Z,19Z)
75032	PS 16:0/20:4(5Z,8Z,11Z,14Z)
75031	PS 16:0/18:2(9Z,12Z)
75029	PS 16:0/18:1(9Z)
78265	PS 18:0/22:6(4Z,7Z,10Z,13Z,16Z,19Z)
78269	PS 18:0/20:4(5Z,8Z,11Z,14Z)
84466	PS 18:0/18:2(9Z,12Z)
78260	PS 18:0/18:1(9Z)
84461	PS 17:0/20:4(5Z,8Z,11Z,14Z)
73868	PC 18:1(11Z)/22:5(7Z,10Z,13Z,16Z,19Z)
77694	PC 20:4(5Z,8Z,11Z,14Z)/16:0
89439	PC 18:3(9Z,12Z,15Z)/18:2(9Z,12Z)
89577	PC 18:2(9Z,12Z)/18:3(9Z,12Z,15Z)
89597	PC 18:2(9Z,12Z)/18:1(9Z)
74479	PC 16:1(9Z)/22:2(13Z,16Z)
78044	PC 18:1(9Z)/2:0
76073	PC 18:1(9Z)/18:0
60657	PC 20:4(5Z,8Z,11Z,14Z)/20:4(5Z,8Z,11Z,14Z)
42027	PC 18:2(9Z,12Z)/18:2(9Z,12Z)
83717	PC 16:1(9Z)/16:1(9Z)
78226	PC 10:0/10:0
65211	PC 12:0/12:0
138194	PC 6:0/6:0
83718	PC 18:0/18:0
78228	PC 8:0/8:0
45240	PC 14:0/14:0
74967	PC 12:0/20:4(5Z,8Z,11Z,14Z)
74970	PC 20:0/20:4(5Z,8Z,11Z,14Z)
84470	PC 17:0/20:4(5Z,8Z,11Z,14Z)
137411	PC 16:0/20:3(11Z,14Z,17Z)
86137	PC 16:0/20:5(5Z,8Z,11Z,14Z,17Z)
77832	PC 16:0/4:0
82943	PC 16:0/20:0
77831	PC 16:0/3:0
73865	PC 18:0/22:5(4Z,7Z,10Z,13Z,16Z)
74965	PC 18:0/20:4(5Z,8Z,11Z,14Z)
78022	PC 18:0/18:3(9Z,12Z,15Z)
84822	PC 18:0/18:2(9Z,12Z)
75026	PC 18:0/16:0
138212	PC 18:0/6:0
73793	PC 14:0/18:1(11Z)
76085	LPC 0:0/22:6(4Z,7Z,10Z,13Z,16Z,19Z)
76084	LPC 0:0/18:2(9Z,12Z)
76071	LPC 0:0/18:1(9Z)
78045	LPC 0:0/2:0
140088	LPC 0:0/12:0
76078	LPC 0:0/16:0
76076	LPC 0:0/18:0
140082	LPC 0:0/8:0
78765	PI 18:1(9Z)/20:4(5Z,8Z,11Z,14Z)
77165	PI 18:2(9Z,12Z)/18:2(9Z,12Z)
82606	PI 4:0/4:0
65221	PI 8:0/8:0
75160	PI 16:0/12:0
74245	PI 18:0/20:5(5Z,8Z,11Z,14Z,17Z)
77158	PI 18:0/18:2(9Z,12Z)
77163	PI 18:0/18:1(9Z)
74694	LPA 16:1(9Z)/0:0
77724	LPA 10:0/0:0
78223	LPA 6:0/0:0
78402	LPA O-18:1(9Z)/0:0
77580	LPA O-16:0/0:0
83055	LPC 20:2(11Z,14Z)/0:0
73873	LPC 22:6(4Z,7Z,10Z,13Z,16Z,19Z)/0:0
74348	LPC 22:5(4Z,7Z,10Z,13Z,16Z)/0:0
74344	LPC 20:4(5Z,8Z,11Z,14Z)/0:0
28733	LPC 18:2(9Z,12Z)/0:0
73851	LPC 16:1(9Z)/0:0
73794	LPC 14:1(9Z)/0:0
77726	LPC 10:0/0:0
74340	LPC 17:0/0:0
78215	LPC 6:0/0:0
138723	PA 18:1(9Z)/22:6(4Z,7Z,10Z,13Z,16Z,19Z)
74697	PA 18:1(9Z)/16:1(9Z)
75076	PA 18:1(9Z)/12:0
82924	PA 22:6(4Z,7Z,10Z,13Z,16Z,19Z)/22:6(4Z,7Z,10Z,13Z,16Z,19Z)
77128	PA 18:2(9Z,12Z)/18:2(9Z,12Z)
74695	PA 16:1(9Z)/16:1(9Z)
78227	PA 10:0/10:0
82921	PA 18:0/18:0
78229	PA 8:0/8:0
83550	PA 14:0/14:0
77094	PA 20:0/20:4(5Z,8Z,11Z,14Z)
78768	PA 17:0/20:4(5Z,8Z,11Z,14Z)
84427	PA 17:0/12:0
84430	PA 17:0/16:0
84429	PA 17:0/18:0
84428	PA 17:0/14:0
82928	PA 16:0/22:6(4Z,7Z,10Z,13Z,16Z,19Z)
77130	PA 18:0/22:6(4Z,7Z,10Z,13Z,16Z,19Z)
77098	PA 18:0/18:2(9Z,12Z)
74696	PA 18:0/16:1(9Z)
55430	PC O-16:0/20:4(5Z,8Z,11Z,14Z)
75268	PC O-16:0/18:1(9Z)
78368	PC O-16:0/4:0
78367	PC O-16:0/3:0
75245	PC O-18:0/20:4(5Z,8Z,11Z,14Z)
74482	PC O-18:0/20:0
78101	PC O-14:0/2:0
78387	PE O-16:0/2:0
75020	LPS 16:0/0:0
84467	LPS 18:0/0:0
84462	LPS 17:0/0:0
72747	LPE 22:6(4Z,7Z,10Z,13Z,16Z,19Z)/0:0
64395	LPE 20:4(5Z,8Z,11Z,14Z)/0:0
72742	LPE 20:4(8Z,11Z,14Z,17Z)/0:0
83058	LPE 18:2(9Z,12Z)/0:0
74971	LPE 18:1(9Z)/0:0
84490	LPE 17:0/0:0
75036	LPE 18:0/0:0
84299	LPE 14:0/0:0
74487	PE 18:1(11Z)/22:2(13Z,16Z)
74490	PE 18:4(6Z,9Z,12Z,15Z)/24:1(15Z)
74975	PE 18:1(9Z)/20:4(5Z,8Z,11Z,14Z)
74977	PE 18:1(9Z)/18:2(9Z,12Z)
78810	PE 18:1(9Z)/16:1(9Z)
78813	PE 18:1(9Z)/16:0
84234	PE 18:1(9Z)/18:0
78814	PE 18:1(9Z)/14:0
138145	PE 16:1(9Z)/16:1(9Z)
74986	PE 18:1(9Z)/18:1(9Z)
138218	PE 17:0/17:0
73005	PE 16:0/16:0
138216	PE 6:0/6:0
39934	PE 18:0/18:0
84489	PE 17:0/20:4(5Z,8Z,11Z,14Z)
73875	PE 16:0/22:1(13Z)
78261	PE 16:0/22:6(4Z,7Z,10Z,13Z,16Z,19Z)
73006	PE 16:0/18:0
78266	PE 18:0/22:6(4Z,7Z,10Z,13Z,16Z,19Z)
78268	PE 18:0/20:4(5Z,8Z,11Z,14Z)
74484	PE 18:0/22:4(7Z,10Z,13Z,16Z)
75038	PE 18:0/18:1(9Z)
84300	PE 14:0/18:1(9Z)
77000	PG 18:1(9Z)/12:0
75163	PG 18:1(9Z)/18:1(9Z)
77001	PG 16:0/12:0
75266	PG 18:0/20:4(5Z,8Z,11Z,14Z)
75161	PG 14:0/18:1(9Z)
78762	LPI 18:1(9Z)/0:0
74243	LPI 18:0/0:0
64982	LPA
78209	LPA 0:0/20:4(5Z,8Z,11Z,14Z)
77593	LPA 0:0/18:1(9Z)
65213	LPE
72749	LPE 0:0/22:6(4Z,7Z,10Z,13Z,16Z,19Z)
76091	LPE 0:0/20:4(5Z,8Z,11Z,14Z)
72746	LPE 0:0/20:4(8Z,11Z,14Z,17Z)
76090	LPE 0:0/18:2(9Z,12Z)
76088	LPE 0:0/18:1(9Z)
65214	LPS
77830	LPS 0:0/20:4(5Z,8Z,11Z,14Z)
65220	PS-O
85231	PA O-18:1(9Z)/20:4(5Z,8Z,11Z,14Z)
77186	PA O-16:0/20:4(5Z,8Z,11Z,14Z)
77187	PA O-16:0/18:1(9Z)
78385	PA O-16:0/2:0
76168	LPE-O
78390	LPE O-16:0/0:0
76528	LPG
77283	LPA-P
137017	LPA P-18:0/0:0
77284	PA-P
140452	PA P-18:0/18:1(9Z)
77286	PC-P-O
77292	PC P-16:0/20:4(5Z,8Z,11Z,14Z)
77287	LPC-P
73850	LPC P-16:0/0:0
77290	PE-P
72743	PE P-16:0/16:0
78263	PE P-18:0/22:6(4Z,7Z,10Z,13Z,16Z,19Z)
78342	PE P-18:0/20:4(5Z,8Z,11Z,14Z)
78340	PE P-18:0/18:1(9Z)
78264	PS P-18:0/22:6(4Z,7Z,10Z,13Z,16Z,19Z)
78343	PS P-18:0/20:4(5Z,8Z,11Z,14Z)
78341	PS P-18:0/18:1(9Z)
78169	LPA-O
78172	LPA
60479	LPC
78196	LPC-O
78201	LPE
78204	LPE-O
78210	LPG
78234	LPI
78871	LPI-O
78221	LPS
78879	LPS-O
57739	PA
78184	PA-O
64482	PC
78189	PC-O
57613	PE
78199	PE-O
60523	PG
78231	PI
78874	PI-O
58436	PS
64483	LPC 14:0
67054	LPC 14:1
64563	LPC 16:0
64560	LPC 16:1
64561	LPC 18:0
64566	LPC 18:1
67058	LPC 20:0
67057	LPC 20:1
67061	LPC 22:0
67060	LPC 22:1
74470	LPC 24:0
74471	LPC 24:1
74472	LPC 26:0
74473	LPC 26:1
72381	LPE 14:0
72382	LPE 14:1
72384	LPE 16:0
72385	LPE 16:1
72386	LPE 16:2
72387	LPE 18:0
72388	LPE 18:1
72389	LPE 18:2
72390	LPE 20:0
72391	LPE 20:1
72392	LPE 20:2
72393	LPE 22:0
72394	LPE 22:1
72395	LPE 22:2
72396	LPE 24:0
72397	LPE 24:1
72399	LPE 26:0
72400	LPE 26:1
74461	LPI 14:0
74462	LPI 14:1
74463	LPI 16:0
74464	LPI 16:1
74465	LPI 18:0
74466	LPI 18:1
74467	LPI 20:1
74468	LPI 22:0
74469	LPI 26:0
72402	LPS 14:0
72403	LPS 14:1
72405	LPS 16:0
72406	LPS 16:1
72407	LPS 16:2
72408	LPS 18:0
72409	LPS 18:1
72410	LPS 18:2
72411	LPS 20:0
72412	LPS 20:1
72413	LPS 20:2
72414	LPS 22:0
72415	LPS 22:1
72416	LPS 22:2
72417	LPS 24:0
72418	LPS 24:1
72420	LPS 26:0
72421	LPS 26:1
72423	PC 26:0
72424	PC 26:1
72425	PC 26:2
65294	PC 28:0
65293	PC 28:1
65292	PC 28:2
65291	PC 28:3
65290	PC 28:4
65289	PC 28:5
65288	PC 28:6
65303	PC 30:0
65302	PC 30:1
65301	PC 30:2
65300	PC 30:3
65299	PC 30:4
65298	PC 30:5
65297	PC 30:6
66850	PC 32:0
66849	PC 32:1
66848	PC 32:2
66847	PC 32:3
66846	PC 32:4
66845	PC 32:5
66844	PC 32:6
66855	PC 34:0
64517	PC 34:1
64516	PC 34:2
64424	PC 34:3
64423	PC 34:4
66854	PC 34:5
66853	PC 34:6
66858	PC 36:0
66857	PC 36:1
64433	PC 36:2
64523	PC 36:3
64520	PC 36:4
64504	PC 36:5
66856	PC 36:6
66861	PC 38:0
66860	PC 38:1
66859	PC 38:2
64446	PC 38:3
64526	PC 38:4
64525	PC 38:5
64519	PC 38:6
66866	PC 40:0
66865	PC 40:1
66864	PC 40:2
66863	PC 40:3
66862	PC 40:4
64524	PC 40:5
64431	PC 40:6
66971	PC 42:0
66970	PC 42:1
66969	PC 42:2
66968	PC 42:3
66967	PC 42:4
66966	PC 42:5
66965	PC 42:6
66979	PC 44:0
66978	PC 44:1
66977	PC 44:2
66976	PC 44:3
66975	PC 44:4
66974	PC 44:5
66973	PC 44:6
72433	PC 48:2
72347	PC O-32:1
67077	PC O-34:0
67076	PC O-34:1
64544	PC O-34:2
64541	PC O-34:3
67075	PC O-34:4
67074	PC O-34:5
67073	PC O-34:6
67067	PC O-36:0
67066	PC O-36:1
67065	PC O-36:2
64537	PC O-36:3
67064	PC O-36:4
64540	PC O-36:5
64538	PC O-36:6
67071	PC O-38:0
67070	PC O-38:1
67069	PC O-38:2
67068	PC O-38:3
64480	PC O-38:4
64445	PC O-38:5
64536	PC O-38:6
72348	PC O-40:2
64533	PC O-40:6
67088	PC O-44:0
67087	PC O-44:1
67086	PC O-44:2
67085	PC O-44:3
67084	PC O-44:4
67083	PC O-44:5
67082	PC O-44:6
72349	PE 26:0
72350	PE 26:1
72351	PE 26:2
71697	PE 28:0
71698	PE 28:1
71699	PE 28:2
71700	PE 28:3
71701	PE 28:4
71702	PE 28:5
71703	PE 28:6
71704	PE 30:0
71705	PE 30:1
71706	PE 30:2
71707	PE 30:3
71708	PE 30:4
71709	PE 30:5
71710	PE 30:6
72352	PE 31:1
71711	PE 32:0
71712	PE 32:1
71713	PE 32:2
71714	PE 32:3
71715	PE 32:4
71716	PE 32:5
71717	PE 32:6
71718	PE 34:0
71720	PE 34:1
71721	PE 34:2
71722	PE 34:3
71723	PE 34:4
71724	PE 34:5
71725	PE 34:6
71726	PE 36:0
71727	PE 36:1
71728	PE 36:2
71729	PE 36:3
71730	PE 36:4
71731	PE 36:5
71732	PE 36:6
71733	PE 38:0
71734	PE 38:1
71735	PE 38:2
71736	PE 38:3
71737	PE 38:4
71738	PE 38:5
71739	PE 38:6
71740	PE 40:0
71741	PE 40:1
71742	PE 40:2
71743	PE 40:3
71744	PE 40:4
71745	PE 40:5
71746	PE 40:6
71747	PE 42:0
71748	PE 42:1
71749	PE 42:2
71750	PE 42:3
71751	PE 42:4
71752	PE 42:5
71753	PE 42:6
71754	PE 44:0
71755	PE 44:1
71756	PE 44:2
71757	PE 44:3
71758	PE 44:4
71759	PE 44:5
71760	PE 44:6
72353	PE 46:0
72354	PE 46:1
72355	PE 46:2
72356	PE 48:0
72357	PE 48:1
72358	PE 48:2
71825	PE O-30:0
71826	PE O-30:1
71827	PE O-30:2
71828	PE O-30:3
71832	PE O-32:0
71833	PE O-32:1
71834	PE O-32:2
71835	PE O-32:3
71836	PE O-32:4
71837	PE O-32:5
71839	PE O-34:0
71840	PE O-34:1
71841	PE O-34:2
71842	PE O-34:3
71843	PE O-34:4
71844	PE O-34:5
71845	PE O-34:6
71846	PE O-36:0
71847	PE O-36:1
71848	PE O-36:2
71849	PE O-36:3
71850	PE O-36:4
71851	PE O-36:5
71852	PE O-36:6
71853	PE O-38:0
71854	PE O-38:1
71855	PE O-38:2
71856	PE O-38:3
71857	PE O-38:4
71858	PE O-38:5
71859	PE O-38:6
71860	PE O-40:0
71861	PE O-40:1
71862	PE O-40:2
71863	PE O-40:3
71864	PE O-40:4
71865	PE O-40:5
71866	PE O-40:6
71867	PE O-42:0
71868	PE O-42:1
71869	PE O-42:2
71870	PE O-42:3
71871	PE O-42:4
71872	PE O-42:5
71873	PE O-42:6
71874	PE O-44:0
71876	PE O-44:1
71877	PE O-44:2
71878	PE O-44:3
71879	PE O-44:4
71880	PE O-44:5
71881	PE O-44:6
74364	PI 28:0
74365	PI 28:1
74366	PI 30:0
74367	PI 30:1
74368	PI 30:2
74231	PI 32:0
74369	PI 32:1
74370	PI 32:2
74232	PI 34:0
74237	PI 34:1
74238	PI 34:2
74239	PI 36:0
74371	PI 36:1
74372	PI 36:2
74373	PI 38:0
74374	PI 38:1
74375	PI 38:2
74376	PI 40:0
74377	PI 40:1
74378	PI 40:2
74379	PI 42:0
74380	PI 42:1
74381	PI 42:2
74382	PI 44:1
74383	PI 46:1
74384	PI 46:2
74385	PI 48:0
74386	PI 48:1
72365	PS 26:0
72366	PS 26:1
72367	PS 26:2
72036	PS 28:0
72037	PS 28:1
72038	PS 28:2
72039	PS 28:3
72040	PS 28:4
72041	PS 28:5
72042	PS 28:6
72043	PS 30:0
72044	PS 30:1
72045	PS 30:2
72046	PS 30:3
72047	PS 30:4
72048	PS 30:5
72049	PS 30:6
72368	PS 31:1
72050	PS 32:0
72051	PS 32:1
72052	PS 32:2
72053	PS 32:3
72054	PS 32:4
72055	PS 32:5
72056	PS 32:6
72057	PS 34:0
72058	PS 34:1
72059	PS 34:2
72060	PS 34:3
72061	PS 34:4
72062	PS 34:5
72063	PS 34:6
72064	PS 36:0
72065	PS 36:1
72066	PS 36:2
72067	PS 36:3
72068	PS 36:4
72069	PS 36:5
72070	PS 36:6
72071	PS 38:0
72072	PS 38:1
72073	PS 38:2
72074	PS 38:3
72075	PS 38:4
72076	PS 38:5
72077	PS 38:6
72078	PS 40:0
72079	PS 40:1
72080	PS 40:2
72081	PS 40:3
72082	PS 40:4
72083	PS 40:5
72084	PS 40:6
72085	PS 42:0
72086	PS 42:1
72087	PS 42:2
72088	PS 42:3
72089	PS 42:4
72090	PS 42:5
72091	PS 42:6
72092	PS 44:0
72093	PS 44:1
72094	PS 44:2
72095	PS 44:3
72096	PS 44:4
72097	PS 44:5
72098	PS 44:6
72375	PS 46:0
72376	PS 46:1
72377	PS 46:2
72378	PS 48:0
72379	PS 48:1
72380	PS 48:2
72169	PS O-30:0
72170	PS O-30:1
72171	PS O-30:2
72172	PS O-30:3
72176	PS O-32:0
72177	PS O-32:1
72178	PS O-32:2
72179	PS O-32:3
72180	PS O-32:4
72181	PS O-32:5
72183	PS O-34:0
72184	PS O-34:1
72185	PS O-34:2
72186	PS O-34:3
72187	PS O-34:4
72188	PS O-34:5
72189	PS O-34:6
72190	PS O-36:0
72191	PS O-36:1
72192	PS O-36:2
72193	PS O-36:3
72194	PS O-36:4
72195	PS O-36:5
72196	PS O-36:6
72197	PS O-38:0
72198	PS O-38:1
72199	PS O-38:2
72200	PS O-38:3
72201	PS O-38:4
72202	PS O-38:5
72203	PS O-38:6
72204	PS O-40:0
72205	PS O-40:1
72206	PS O-40:2
72207	PS O-40:3
72208	PS O-40:4
72209	PS O-40:5
72210	PS O-40:6
72211	PS O-42:0
72212	PS O-42:1
72214	PS O-42:2
72215	PS O-42:3
72216	PS O-42:4
72217	PS O-42:5
72218	PS O-42:6
72219	PS O-44:0
72220	PS O-44:1
72221	PS O-44:2
72222	PS O-44:3
72223	PS O-44:4
72224	PS O-44:5
72225	PS O-44:6
64568	LPC 20:4
64567	LPC 22:6
78569	GD1a alpha 18:1;O2
57646	beta-D-GalNAc-(1->4)-alpha-Neu5Ac-(2->3)-beta-D-Gal-(1->4)-beta-D-Glc-(1<->1')-Cer
79220	MG P-14:0/0:0/0:0
79214	MG 0:0/13:0/0:0
79210	MG 13:0/0:0/0:0
35759	MG
77997	MG-O
77998	 MG-P
598	DG-O
77999	DG-P
76225	DG-O
36727	TG-O
75883	MG-O
76582	DG-O
35741	GL
64760	MG
77297	 MG-P
77272	DG
77296	DG-P
77274	DG-O
76585	TG-O
75453	MG 0:0/12:0/0:0
75529	MG 12:0/0:0/0:0
75528	MG 0:0/0:0/12:0
75454	MG 0:0/14:0/0:0
75536	MG 14:0/0:0/0:0
75537	MG 0:0/0:0/14:0
75455	MG 0:0/16:0/0:0
75542	MG 16:0/0:0/0:0
64757	MG 0:0/0:0/16:0
74002	MG O-18:1(9Z)/0:0/0:0
74001	MG O-18:0/0:0/0:0
75474	MG 0:0/18:3(9Z,12Z,15Z)/0:0
75575	MG 18:3(9Z,12Z,15Z)/0:0/0:0
75576	MG 0:0/0:0/18:3(9Z,12Z,15Z)
75457	MG 0:0/18:2(9Z,12Z)/0:0
75561	MG 18:2(9Z,12Z)/0:0/0:0
75563	MG 0:0/0:0/18:2(9Z,12Z)
75757	MG 18:1(9Z)/0:0/0:0
75938	MG 0:0/0:0/18:1(9Z)
75456	MG 0:0/18:0/0:0
75550	MG 18:0/0:0/0:0
75553	MG 0:0/0:0/18:0
34071	MG 20:4(5Z,8Z,11Z,14Z)/0:0/0:0
75571	MG 0:0/0:0/20:4(5Z,8Z,11Z,14Z)
77390	DG 0:0/12:0/12:0
52638	DG O-16:0/12:0/0:0
80651	DG 14:0/14:0/0:0
77392	DG 0:0/14:0/14:0
75463	DG 12:0/18:1(9Z)/0:0
75445	DG 18:1(9Z)/12:0/0:0
75533	DG 0:0/18:1(9Z)/12:0
34111	DG P-14:0/18:1(9Z)/0:0
75853	DG 0:0/16:1(9Z)/16:1(9Z)
75849	DG 16:1(9Z)/0:0/16:1(9Z)
75465	DG 14:0/18:1(9Z)/0:0
75446	DG 18:1(9Z)/14:0/0:0
75540	DG 0:0/18:1(9Z)/14:0
82929	DG 16:0/16:0/0:0
77394	DG 0:0/16:0/16:0
77619	DG 16:0/0:0/16:0
77185	DG O-16:0/18:1(9Z)/0:0
82927	DG 16:0/18:2(9Z,12Z)/0:0
75466	DG 16:0/18:1(9Z)/0:0
75447	DG 18:1(9Z)/16:0/0:0
75870	DG 0:0/16:0/18:1(9Z)
75546	DG 0:0/18:1(9Z)/16:0
75868	DG 16:0/0:0/18:1(9Z)
75867	DG 18:1(9Z)/0:0/16:0
77624	DG 16:0/0:0/18:0
77184	DG O-16:0/20:4(5Z,8Z,11Z,14Z)/0:0
75855	DG 0:0/18:3(9Z,12Z,15Z)/18:3(9Z,12Z,15Z)
75852	DG 18:3(9Z,12Z,15Z)/0:0/18:3(9Z,12Z,15Z)
77096	DG 16:0/20:4(5Z,8Z,11Z,14Z)/0:0
75578	DG 18:3(9Z,12Z,15Z)/18:1(9Z)/0:0
77127	DG 18:2(9Z,12Z)/18:2(9Z,12Z)/0:0
75475	DG 18:1(9Z)/18:3(9Z,12Z,15Z)/0:0
75854	DG 0:0/18:2(9Z,12Z)/18:2(9Z,12Z)
75580	DG 0:0/18:1(9Z)/18:3(9Z,12Z,15Z)
75850	DG 18:2(9Z,12Z)/0:0/18:2(9Z,12Z)
75471	DG 18:2(9Z,12Z)/18:1(9Z)/0:0
75450	DG 18:1(9Z)/18:2(9Z,12Z)/0:0
75569	DG 0:0/18:1(9Z)/18:2(9Z,12Z)
77097	DG 18:0/18:2(9Z,12Z)/0:0
52333	DG 18:1(9Z)/18:1(9Z)/0:0
75824	DG 0:0/18:1(9Z)/18:1(9Z)
75735	DG 18:1(9Z)/0:0/18:1(9Z)
75468	DG 18:0/18:1(9Z)/0:0
75448	DG 18:1(9Z)/18:0/0:0
75558	DG 0:0/18:1(9Z)/18:0
41847	DG 18:0/18:0/0:0
77395	DG 0:0/18:0/18:0
77389	TG 12:0/12:0/12:0
82949	DG 16:0/22:6(4Z,7Z,10Z,13Z,16Z,19Z)/0:0
75472	DG 20:4(5Z,8Z,11Z,14Z)/18:1(9Z)/0:0
75449	DG 18:1(9Z)/20:4(5Z,8Z,11Z,14Z)/0:0
75573	DG 0:0/18:1(9Z)/20:4(5Z,8Z,11Z,14Z)
75728	DG 18:0/20:4(5Z,8Z,11Z,14Z)/0:0
75470	DG 20:0/18:1(9Z)/0:0
77125	DG 20:4(5Z,8Z,11Z,14Z)/20:4(5Z,8Z,11Z,14Z)/0:0
77129	DG 18:0/22:6(4Z,7Z,10Z,13Z,16Z,19Z)/0:0
77093	DG 20:0/20:4(5Z,8Z,11Z,14Z)/0:0
82925	DG 22:6(4Z,7Z,10Z,13Z,16Z,19Z)/22:6(4Z,7Z,10Z,13Z,16Z,19Z)/0:0
77391	TG 14:0/14:0/14:0
75841	TG 16:1(9Z)/16:1(9Z)/16:1(9Z)
77685	TG 18:1(9Z)/18:1(9Z)/12:0
85427	TG 16:0/16:0/16:1(9Z)
77393	TG 16:0/16:0/16:0
77684	TG 18:1(9Z)/18:1(9Z)/14:0
75688	TG 16:0/18:1(9Z)/16:0
75847	TG 16:0/18:1(9Z)/18:1(9Z)
75846	TG 18:1(9Z)/16:0/18:1(9Z)
75583	TG 18:1(9Z)/18:1(9Z)/16:0
77623	TG 16:0/18:1(9Z)/18:0
75845	TG 18:3(9Z,12Z,15Z)/18:3(9Z,12Z,15Z)/18:3(9Z,12Z,15Z)
75844	TG 18:2(9Z,12Z)/18:2(9Z,12Z)/18:2(9Z,12Z)
77683	TG 18:1(9Z)/18:1(9Z)/18:2(9Z,12Z)
53753	TG 18:1(9Z)/18:1(9Z)/18:1(9Z)
77686	TG 18:1(9Z)/18:1(9Z)/18:0
45956	TG 18:0/18:0/18:0
75729	TG 18:0/20:4(5Z,8Z,11Z,14Z)/18:1(9Z)
72019	Cer 18:0;1OH,3OH/28:0
74450	Cer 18:1(4E);1OH,3OH/24:1(15Z)
75137	DLCL
73990	MG 0:0/18:1(9Z)/0:0
76226	Cer 18:0;1OH,3OH/6:0
77160	PIP(5') 18:0/20:4(5Z,8Z,11Z,14Z)
77167	PIP(5') 18:2(9Z,12Z)/18:2(9Z,12Z)
77136	PIP(4') 18:0/20:4(5Z,8Z,11Z,14Z)
77137	PIP2(4',5') 18:0/20:4(5Z,8Z,11Z,14Z)
77139	PIP(4') 18:0/18:1(9Z)
77140	PIP2(4',5') 18:0/18:1(9Z)
77164	PIP(5') 18:0/18:1(9Z)
77159	PIP(5') 18:0/18:2(9Z,12Z)
72962	Cer 18:1(4E);1OH,3OH/20:0
72956	Cer 18:1(4E);1OH,3OH/12:0
63867	Cer 18:1(4E);1OH,3OH/6:0
77996	Cer 18:1(4E);1OH,3OH/18:1(9Z)
78001	Cer 18:0;1OH,3OH,4OH/12:0
78097	NAPE 18:1(9Z)/18:1(9Z)/16:0
67026	LXA4
78355	PS-O
78438	Hex2NeuAc3Cer 18:1;O2
78452	GT1b 18:1;O2
78455	GQ1b 18:1;O2
78447	GT1a 18:1;O2
78486	GalNAc-Gal-Glc-Cer(1) 18:1(4E);3OH/18:0
78485	GalNAc-NeuAc-Gal-Glc-Cer(1) 18:1(4E);3OH/18:0
78484	Gal-GalNAc-Gal-Glc-Cer(1) 18:1(4E);3OH/18:0
27731	Hex2HexNAcCer 18:1;O2
78571	GT1a alpha 18:1;O2
78572	GQ1b alpha 18:1;O2
77709	Hex3HexNAcNeuAcCer 18:1;O2
82628	FA 20:4;OH
82626	FA 20:4;OH
78907	PGP 18:1(9Z)/18:1(9Z)
78911	PIP(5') 8:0/8:0
78934	PIP(3') 8:0/8:0
78995	PIP(3') 16:0/16:0
78994	PIP2(3',5') 16:0/16:0
57658	PIP2(3',4')
82605	PIP(5') 4:0/4:0
82629	PGG2
3663	SE 27:1/16:0
41509	SE 27:1/18:2(9Z,12Z)
82810	Cer 16:0;1OH,3OH/16:0
82811	Cer 16:0;1OH,3OH/18:0
71984	Cer 20:0;O2
71986	Cer 20:1;O2
82841	Cer 18:0;1OH,3OH/8:0
82842	Cer 18:0;1OH,3OH,4OH/8:0
78646	SM(1) 18:1(4E);3OH/16:0
58953	FA
76567	FA
83672	5-PAHSA
83670	9-PAHSA
83675	10-PAHSA
83676	11-PAHSA
83700	7-PAHSA
83701	8-PAHSA
74532	SM(1) 18:1(4E);3OH/22:0
82680	FA
28610	LPC 18:1(9Z)/0:0
77253	CL 18:1(9Z)/18:1(9Z)/18:1(9Z)/18:1(9Z)
77259	LCL 18:1(9Z)/18:1(9Z)/18:1(9Z)/0:0
77256	DLCL 18:1(9Z)/0:0/18:1(9Z)/0:0
83580	LCL 18:2(9Z,12Z)/18:2(9Z,12Z)/18:2(9Z,12Z)/0:0
83583	CL 18:2(9Z,12Z)/16:0/18:2(9Z,12Z)/18:2(9Z,12Z)
83582	CL 18:2(9Z,12Z)/18:1(9Z)/18:2(9Z,12Z)/18:2(9Z,12Z)
83581	CL 18:2(9Z,12Z)/18:2(9Z,12Z)/18:2(9Z,12Z)/18:2(9Z,12Z)
83195	GPGP
83188	GPIP
57460	20-hydroxy-LTB4
57397	PGE1
57403	PGI2
57445	TXA2
53082	Prostaglandin H2-ethanolamine
77330	PUFA-CoA
77331	MUFA-CoA
77332	SFA-CoA
24026	FAOH
57398	PGA1
85175	11beta-PGF2alpha-EA
85173	11beta-PGF2
85198	Cer 18:1(4E);1OH,3OH/20:4(5Z,8Z,11Z,14Z)
85204	Cer 18:0;1OH,3OH,4OH/18:1(9Z)
85206	Cer 18:0;1OH,3OH/20:4(5Z,8Z,11Z,14Z)
85207	Cer 18:0;1OH,3OH,4OH/20:4(5Z,8Z,11Z,14Z)
85217	NAPE 18:1(9Z)/0:0/16:0
85226	GP-NAE 16:0
85219	NAPE 18:1(9Z)/0:0/18:0
85227	GP-NAE 18:0
85222	NAPE 18:1(9Z)/0:0/18:1(9Z)
85229	GP-NAE 18:1(9Z)
85223	NAPE 18:1(9Z)/0:0/20:4(5Z,8Z,11Z,14Z)
85230	GP-NAE 20:4(5Z,8Z,11Z,14Z)
85253	NAE 20:0
85250	GP-NAE 22:6(4Z,7Z,10Z,13Z,16Z,19Z)
85252	NAE 22:6(4Z,7Z,10Z,13Z,16Z,19Z)
77190	CDPDAG 16:0/16:0
85165	2-glyceryl-PGG2
85166	2-glyceryl-PGH2
85284	Cer 18:1(4E);1OH,3OH/20:1(11Z)
85285	Cer 18:0;1OH,3OH/20:1(11Z)
85286	Cer 18:0;1OH,3OH,4OH/20:1(11Z)
85261	Cer 18:0;1OH,3OH/12:0
85262	NAE 14:0
85263	NAE 12:0
85277	NAPE 18:1(9Z)/18:1(9Z)/20:4(5Z,8Z,11Z,14Z)
85291	NAPE 18:1(9Z)/18:1(9Z)/18:1(9Z)
85292	NAPE 18:1(9Z)/18:1(9Z)/18:0
85299	NAE 18:0
85293	NAPE 18:1(9Z)/18:1(9Z)/14:0
85294	NAPE 18:1(9Z)/18:1(9Z)/12:0
85335	NAPE 16:0/0:0/16:0
85334	NAPE 16:0/18:2(9Z,12Z)/16:0
85295	NAPE 16:0/18:2(9Z,12Z)/10:0
85301	NAE 10:0
85296	NAPE 16:0/18:2(9Z,12Z)/8:0
85302	NAE 8:0
85297	NAPE 16:0/18:2(9Z,12Z)/6:0
85303	NAE 6:0
85304	NAE 4:0
85349	CDPDAG 18:0/20:4(5Z,8Z,11Z,14Z)
85350	CDPDAG 16:0/20:4(5Z,8Z,11Z,14Z)
85351	CDPDAG 20:4(5Z,8Z,11Z,14Z)/20:4(5Z,8Z,11Z,14Z)
85352	CDPDAG 18:0/18:2(9Z,12Z)
85353	CDPDAG 18:0/18:1(9Z)
85354	CDPDAG 18:0/22:6(4Z,7Z,10Z,13Z,16Z,19Z)
85355	CDPDAG 18:2(9Z,12Z)/18:2(9Z,12Z)
85356	CDPDAG 18:1(9Z)/18:1(9Z)
72963	CerP(1) 18:1(4E);3OH/16:0
85378	CerP(1) 18:1(4E);3OH/18:1(9Z)
83850	SM 18:1;O2/22:1
83172	SM 18:1;O2/24:1
83362	SM 18:1;O2/26:1
83359	SM(1) 18:1(4E);3OH/20:0
83358	SM(1) 18:1(4E);3OH/18:0
83360	SM(1) 18:1(4E);3OH/24:0
75976	GalCer(1) 18:1(4E);3OH/22:0
83259	GalCer(1) 18:1(4E);3OH/16:0
84720	GalCer(1) 18:1(4E);3OH/18:0
88095	Cer 18:0;1OH,3OH,4OH/6:0
52979	Cer 18:0;1OH,3OH,4OH/24:0
45815	Cer 18:1(4E);1OH,3OH/8:0
85375	CerP(1) 18:1(4E);3OH/2:0
82959	CerP(1) 18:1(4E);3OH/6:0
78647	SM(1) 18:0;3OH/16:0
132301	SHexCer 18:1(4);OH/18:0
78650	SM(1) 18:0;3OH,4OH/16:0
78654	EPC(1) 18:0;3OH/16:0
78656	EPC(1) 18:0;3OH,4OH/16:0
84404	CerP
73202	PE-Cer
62941	HexCer
63415	Hex2Cer
84732	SulfoHexCer
84733	SulfoHex2Cer
83186	GlcCer 16:1;O2
83182	GlcCer 15:1;O2
83180	GlcCer 14:1;O2
82990	LacCer 20:0;O2
82989	LacCer 20:1;O2
82988	GlcCer 20:1;O2
82926	LacCer 18:0;O2
82923	GlcCer 18:0;O3
82920	GalCer 18:0;O2
82919	GlcCer 18:0;O2
82910	EPC 14:0;O2
82909	EPC 20:0;O3
82908	EPC 20:0;O2
82907	EPC 16:1;O2
82906	EPC 16:0;O2
82905	EPC 14:1;O2
82902	SM 20:0;O3
82901	SM 20:1;O2
82900	SM 20:0;O2
82899	SM 17:0;O2
82898	SM 16:0;O3
82896	SM 16:1;O2
82895	SM 16:0;O2
82893	SM 14:0;O3
82890	SM 14:1;O2
82889	SM 14:0;O2
82885	Cer 16:0;O3
82884	Cer 16:1;O2
82881	Cer 16:0;O2
82880	Cer 14:0;O3
82876	Cer 14:1;O2
82874	Cer 14:0;O2
78657	EPC 18:0;O3
78655	EPC 18:0;O2
78651	SM 18:0;O3
71985	Cer 20:0;O3
70814	GlcCer 17:0;O3
67090	SM 18:0;O2
24402	Glyco-SL
83273	Cer
35786	Phospho-SL
85232	1-glyceryl PGD2
83422	PIP2(3',4') 16:0/16:0
83417	PIP2(3',4') 8:0/8:0
84968	PIP(5') 16:0/16:0
83420	PIP3(3',4',5') 16:0/16:0
83416	PIP3(3',4',5') 8:0/8:0
85342	PIP2(3',5') 8:0/8:0
83436	PIP(4') 16:0/16:0
85468	PIP(4') 8:0/8:0
83423	PIP2(4',5') 16:0/16:0
83419	PIP2(4',5') 8:0/8:0
60522	PGP
83189	PIP
83191	PIP2
83193	PIP3
83190	GPIP2
83192	GPIP3
83237	BMP
90153	Hex-Hex-Hex-HexNAc-NeuAc-NeuAc-Cer 18:1(4);OH/18:0
84742	GalCer(1) 18:1(4E);3OH/23:0
28892	Ganglio
87785	GD1b 18:1;O2
87787	GD1c 18:1;O2
78482	HexNeuAcCer 18:1;O2
87802	GP1c alpha 18:1;O2
87792	GP1c 18:1;O2
87791	GQ1c 18:1;O2
87789	GT1c 18:1;O2
87788	Hex2HexNAcNeuAc3Cer 18:1;O2
23075	GA1
88278	GA2
36508	Gb3
88057	GD1
88077	GD2
88074	GD3
88056	GM1
88076	GM2
88071	GM3
88068	GM4
88060	GP1
88059	GQ1
88058	GT1
88078	GT2
88075	GT3
84341	SE 27:1/18:3(9Z,12Z,15Z)
88756	SE 27:1/18:3(6Z,9Z,12Z)
82750	SE 27:1/18:0
84969	SE 27:1/20:5(5Z,8Z,11Z,14Z,17Z)
82751	SE 27:1/20:4(5Z,8Z,11Z,14Z)
137412	SE 27:1/20:3(11Z,14Z,17Z)
63166	LTD4
63774	MGDG 16:0/16:0
90507	MGDG 18:1(9Z)/16:0
63775	MGDG 18:1(9Z)/18:1(9Z)
90506	MGDG 18:2(9Z,12Z)/18:2(9Z,12Z)
167128	MGDG 18:3(9Z,12Z,15Z)/18:2(9Z,12Z)
136796	DGDG 18:2(9Z,12Z)/18:2(9Z,12Z)
167129	DGDG 18:2(9Z,12Z)/18:3(9Z,12Z,15Z)
167127	DGDG 18:3(9Z,12Z,15Z)/18:2(9Z,12Z)
90549	HexDAG
90553	Hex2DAG
35785	SPB derivatives
132079	RvD1
132524	PG-O
132526	PG-P
132527	LPG-O
132528	LPG-P
132531	PG-O
132532	PG-P
132533	LPG-O
132534	LPG-P
132535	PG-O
132536	LPG-O
136057	18S-RvE1
133368	RvE2
133367	RvD2
132120	Rv
76529	GPGPG
35774	CDP-GL
52374	Cer 18:0;1OH,3OH,4OH/26:0;2OH
134072	NAPE 16:0/16:0/16:0
138220	NAPE 17:0/17:0/16:0
138222	NAPE 17:0/17:0/18:1(9Z)
138663	NAPE P-18:0/18:1(9Z)/16:0
137009	NAPE P-18:0/0:0/16:0
137016	NAPE P-18:0/0:0/20:4(5Z,8Z,11Z,14Z)
137010	NAPE P-18:0/0:0/18:1(9Z)
76624	FA 20:4(5,8,11,14);20OH
76639	FA 20:5;OH
60955	FA 18:2;OOH
57446	FA 20:4;OOH
57466	FA 18:2;OOH
132080	8-keto-RvD1 | 8-oxo-RvD1
132081	17-keto-RvD1 | 17-oxo-RvD1
132026	FA 20:3;OH
75231	FA 20:4;oxo
57409	FA 20:4;OH
57410	FA 20:4;oxo
132087	FA 20:5;OH
132083	FA 20:5;OH
132091	(5S)-HpHEPE
132129	(11S,12S)-HXA3 (8S)
131964	FA 20:3;(Ep)3
131965	FA 20:3;(Ep)3
131969	FA 20:3;(Ep)3
131970	FA 20:3;(Ep)3
131975	FA 20:3;(Ep)3
131974	FA 20:3;(Ep)3
131992	FA 20:3;(Ep)3
132016	FA 20:4;OH
132019	FA 20:4(5,8,11,14);16OH
132024	19H-(5Z,8Z,11Z)-ETrE
132201	(14S,15S)-HxA3 (11S)
132200	(14S,15S)-HXA3-C (14R)
132218	(5S)-HpHEPE
132219	FA 20:5;Ep;(OH)2
132063	FA 20:3;(Ep)2;OOH
132067	FA 20:3;(Ep)2;OOH
132065	FA 20:3;(Ep)2;OOH
132068	FA 20:3;(Ep)2;OOH
77895	FA 18:2;OH
75230	FA 20:4;OOH
75232	(8R)-HEpETrE
57444	FA 20:4;OOH
75233	(8R)-HEpETrE
75235	(13R)-HEpETrE
75234	(10R)-HEpETrE
75322	FA 20:4;OOH
75327	(10R)-HEpETrE
57447	FA 20:4;OOH
75326	FA 20:4;oxo
137497	7-oxo-RvD2| 7-keto-RvD2
137498	16-oxo-RvD2| 16-keto-RvD2
57450	FA 20:4;OOH
78100	(8,11R,12S)-TriHETrE
78084	(8S)-HEpETrE
78099	(10,11S,12R)-TriHETrE
77934	FA 20:4;OH
76627	FA 20:4(5,8,11,14);19OH
76625	FA 20:3;Ep
76645	FA 20:4;oxo
76636	FA 20:5;OH
76633	FA 20:4;(Ep)3
76634	FA 20:4;(Ep)3
76635	FA 20:4;(Ep)3
63590	FA 20:4;OH
83343	FA 20:4;OH
78046	FA 20:4;OOH
78047	FA 20:4;OOH
78048	FA 22:6;OOH
78070	FA 18:3;OOH
78078	FA 20:5;OOH
78311	15-keto-LXA4
57401	15-keto-PGE1
85072	15-keto-PGA1
57400	15-keto-PGE2
85150	FA 18:2;OH
85152	FA 18:2;OH
78325	13,14-dihydroxy-15-keto-LXA4
78424	FA 18:2;OH
78329	FA 20:3;(OH)3
90230	1-glyceryl PGE2
90233	1-glyceryl-PGF2alpha
90772	FA 20:5;(OOH)3
90821	FA 20:4;OOH
90822	FA 20:4;OOH
90823	FA 18:2;OOH
90825	FA 20:5;OH
90826	FA 20:5;(OH)2;OOH
90850	FA 18:2;OH
78836	FA 20:4;(OH)3
90697	FA 20:4;oxo
90707	20-hydroxy-LXA4
67031	LXB4
90711	20-hydroxy-LXB4
65341	FA 20:4;OH
90715	FA 20:4;(OH)2
90716	FA 20:4(5,9,11,14);8OH
90717	FA 20:4;(OH)2
90718	FA 20:4(5,8,10,14);12OH
90719	FA 20:4;(OH)2
90720	20-keto-LTB4
90722	20-carboxy-LTB4
90866	14-HDoHA
90867	14-keto-DoHA
91000	RvE1
91001	18-oxo-RvE1
90632	FA 20:4;OH
90790	FA 20:4;OH
90793	PGH1
90737	FA 20:5;OH
91301	FA 20:5;(OH)2
91295	FA 18:2;OH
131564	(5S)-HpHETE
90810	FA 20:4;(OH)2
90813	FA 20:4;(OH)2
90812	FA 20:4;(OH)2
90819	FA 20:5;OH
90818	FA 20:5;OH
90824	FA 22:5;OH
65342	FA 20:4;oxo
90680	FA 20:4;OH
57462	LTDE4
77913	FA 20:4;OOH
77919	(7R)-HEpETrE
83334	FA 20:3;OOH
83336	FA 22:6;OOH
83342	FA 18:3;OOH
84026	12,13-epoxyoleate
84024	FA 20:4;Ep
84029	FA 20:3;(OH)2
84031	FA 20:3;(OH)2
84025	FA 20:4;Ep
84032	FA 20:3;(OH)2
85195	9,10-epoxystearate
132119	2-glyceryl-11,12-EpETrE
