70846	Cer 17:1(4);(OH)2/0:0
70775	SM 17:1;O2
57817	SPB 18:0;1OH,3OH
70826	WE 14:0;13Me/0:0
70838	WE 16:0;15Me/0:0
57939	SPBP(1) 18:0;3OH
71466	NAE 18:1(9Z)
71464	NAE 16:0
71377	Cer 17:1(4);(OH)2/22:0
71375	Cer 17:1(4);(OH)2/21:0
71378	Cer 17:1(4);(OH)2/21:0;OH
71380	Cer 17:1(4);(OH)2/22:0;OH
71381	Cer 17:1(4);(OH)2/24:0
71385	Cer 17:1(4);(OH)2/26:0
71388	Cer 17:1(4);(OH)2/26:0;OH
70938	SM 17:1(4);OH/26:0
71384	Cer 17:1(4);(OH)2/24:0;OH
71386	Cer 17:1(4);(OH)2/25:0;OH
70903	SM 17:1(4);OH/21:0
70910	SM 17:1(4);OH/22:0
71379	Cer 17:1(4);(OH)2/23:0
16125	FOH 16:0
73534	FOH 18:2(9Z,12Z)
70845	Cer 17:0;(OH)2/0:0
71234	Cer 17:0;(OH)3/0:0
70776	SM 17:0;O3
70815	GlcCer 17:1;O2
71427	CoA 12:0;11Me
31488	Cer 18:0;(OH)2/0:0
16113	ST 27:1;O
2700	NAE 20:4(5Z,8Z,11Z,14Z)
32395	WE 20:4(5Z,8Z,11Z,14Z)/0:0
31998	Cer 18:0;(OH)3/0:0
50626	FAL 16:0;2OH
57379	CoA 16:0
64868	CoA 26:0
17600	FAL 16:0
65097	WE 16:0;2OH/0:0
64941	IPC 18:0;O2
64032	NAE 18:2(9Z,12Z)
30245	WE 18:2(9Z,12Z)/0:0
71467	NAE 20:5(5Z,8Z,11Z,14Z,17Z)
58562	WE 20:5(5Z,8Z,11Z,14Z,17Z)/0:0
71465	NAE 16:1(9Z)
32372	WE 16:1(9Z)/0:0
52639	Cer 18:1(4);(OH)2/0:0
31014	WE 24:0/0:0
65052	CoA 24:0
30823	WE 18:1(9Z)/0:0
57387	CoA 18:1(9Z)
57518	LPA 16:0/0:0
64839	PA 16:0/18:1(9Z)
57405	PGH2
57406	FA 20:2(5Z,13E);[8-12cy5:0;9OH;11oxo];15OH
57404	FA 20:2(5Z,13E);[8-12cy5:0;9OH,11OH];15OH
60119	SPBP 18:1;O2
57385	CoA 14:0
57394	CoA 18:0
61526	CoA 16:1(2E)
57380	CoA 20:0
71451	CoA 22:0;3oxo
71407	CoA 18:0;3oxo
65115	CoA 20:0;3oxo
57363	CoA 18:3(6Z,9Z,12Z)
71481	CoA 20:3(8Z,11Z,14Z);3oxo
52961	Cer 18:0;1OH,3OH/24:0
52962	Cer 18:0;1OH,3OH/26:0
57383	CoA 18:2(9Z,12Z)
71489	CoA 18:4(6Z,9Z,12Z,15Z)
71491	CoA 20:4(8Z,11Z,14Z,17Z);3oxo
133606	PI 18:0/20:4(5Z,8Z,11Z,14Z)
72999	PC 16:0/16:0
52392	MG 0:0/20:4(5Z,8Z,11Z,14Z)/0:0
46898	SE 27:1/18:1(9Z)
7896	WE 16:0/0:0
75927	WE 16:0;2OH/0:0
75928	WE 16:0;2OH/0:0
75973	SHexCer 18:1(4);OH/22:0
75974	SHexCer 18:1(4);OH/24:0
75186	GalCer(1) 18:1(4E);3OH/24:0
31013	WE 26:0/0:0
31002	WE 28:0/0:0
31004	WE 30:0/0:0
76024	WE 32:0/0:0
76027	WE 34:0/0:0
76028	WE 28:0;2OH/0:0
76030	WE 26:0;2OH/0:0
76044	WE 30:0;30OH/0:0
76045	WE 32:0;32OH/0:0
76197	WE 16:1(6Z)/0:0
65107	Cer 18:0;1OH,3OH,4OH/16:0
72959	Cer 18:1(4E);1OH,3OH/16:0
72961	Cer 18:1(4E);1OH,3OH/18:0
72998	LPC 16:0/0:0
73000	PC 16:0/18:0
70917	SM 17:1(4);OH/23:0
71382	Cer 17:1(4);(OH)2/30:0;OH
74178	Cer 17:0;(OH)2/22:0
67042	Cer 18:0;1OH,3OH/16:0
71034	FAL 14:0;13Me
17636	SM 18:1;O2
73203	EPC 18:1;O2
64496	LPC O-16:0/0:0
34115	MG O-16:0/0:0/0:0
72745	WE 16:1(2)/0:0
32154	FOH 18:0
73504	FOH 18:1(9Z)
74011	CoA 20:1(11Z);3oxo
65059	CoA 22:0
73977	CoA 24:0;3oxo
73980	CoA 26:0;3oxo
74069	CoA 20:1(11Z)
74070	CoA 22:1(13Z);3oxo
74068	CoA 22:1(13Z)
74071	CoA 24:1(15Z);3oxo
67021	Cer 18:0;1OH,3OH/22:0
67033	Cer 18:0;1OH,3OH/18:0
67027	Cer 18:0;1OH,3OH/20:0
67045	Cer 18:0;1OH,3OH/14:0
74100	Cer 18:0;1OH,3OH/18:1(9Z)
74118	CoA 24:0;2OH
74117	CoA 22:0;2OH
74116	CoA 18:0;2OH
74115	CoA 16:0;2OH
74128	CoA 24:1(15Z)
74130	Cer 18:0;1OH,3OH/24:1(15Z)
74134	CoA 26:1(17Z)
74132	Cer 18:0;1OH,3OH/26:1(17Z)
74146	CoA 24:0
74161	CoA 26:0
74215	CoA 24:0;2OH
74141	CoA 28:0
74228	CoA 30:0;3oxo
74296	CoA 18:1(11E)
65060	CoA 14:1(9Z)
74309	CoA 15:0
74310	CoA 15:1(9Z)
74307	CoA 17:0
74308	CoA 17:1(9Z)
72965	Cer 18:1(4E);1OH,3OH/24:0
74544	LPA 18:1(9Z)/0:0
74551	PA 18:1(9Z)/16:0
74552	PA 18:1(9Z)/18:0
74554	LPA 17:0/0:0
74556	PA 17:0/18:1(9Z)
74565	LPA 18:0/0:0
74560	PA 18:0/18:1(9Z)
74558	PA 18:1(9Z)/17:0
74579	PA 18:1(9Z)/14:0
74578	PA 18:1(9Z)/15:0
74583	LPA 20:0/0:0
74584	PA 20:0/18:1(9Z)
72683	LPA 14:0/0:0
74586	PA 14:0/18:1(9Z)
57375	CoA 12:0
72682	LPA 12:0/0:0
73001	PC 16:0/18:1(9Z)
74000	PC 16:0/16:1(9Z)
73998	PA 16:0/16:1(9Z)
73004	LPE 16:0/0:0
74617	LPS 18:1(9Z)/0:0
74667	PC 18:1(9Z)/16:0
74905	PS 18:1(9Z)/18:1(9Z)
73999	PE 16:0/16:1(9Z)
73007	PE 16:0/18:1(9Z)
74937	PA 18:1(9Z)/20:0
75018	PC 16:0/12:0
74966	LPC 12:0/0:0
75017	PC 12:0/16:0
73858	LPC 18:0/0:0
75034	PC 18:0/18:1(9Z)
72857	PA 16:0/18:0
72858	PA 16:0/14:0
75105	CoA 19:0
75104	PA 18:1(9Z)/19:0
75121	CoA 18:1(11Z)
75122	PA 18:1(9Z)/18:1(11Z)
75123	CoA 18:1(6Z)
75124	PA 18:1(9Z)/18:1(6Z)
72833	LPI 16:0/0:0
72836	PI 16:0/18:0
72837	PI 16:0/18:1(9Z)
75158	LPG 16:0/0:0
72839	PG 16:0/18:0
72841	PG 16:0/18:1(9Z)
72827	LPG 18:0/0:0
72845	PG 18:0/18:1(9Z)
64489	LPC 14:0/0:0
75062	PC 14:0/16:0
75216	LPC O-18:0/0:0
75219	PC 16:0/2:0
75220	PC 18:0/2:0
44811	PC O-16:0/2:0
72744	PC O-16:0/16:0
75290	PC O-18:0/16:0
74968	LPC 20:0/0:0
75294	PC 20:0/16:0
62620	CoA 6:0
75301	PC 16:0/6:0
57386	CoA 8:0
75302	PC 16:0/8:0
61430	CoA 10:0
75300	PC 16:0/10:0
75304	PC 16:0/14:0
18262	WE 12:0/0:0
57368	CoA 20:4(5Z,8Z,11Z,14Z)
73852	CoA 22:4(7Z,10Z,13Z,16Z);3oxo
73856	CoA 22:4(7Z,10Z,13Z,16Z)
73857	CoA 24:4(9Z,12Z,15Z,18Z);3oxo
73862	CoA 20:5(5Z,8Z,11Z,14Z,17Z)
73863	CoA 22:5(7Z,10Z,13Z,16Z,19Z);3oxo
73870	CoA 22:5(7Z,10Z,13Z,16Z,19Z)
73871	CoA 24:5(9Z,12Z,15Z,18Z,21Z);3oxo
74012	CoA 20:2(11Z,14Z);3oxo
74034	CoA 18:3(9Z,12Z,15Z)
74054	CoA 20:3(11Z,14Z,17Z);3oxo
74229	CoA 26:5(11Z,14Z,17Z,20Z,23Z)
74230	CoA 28:5(13Z,16Z,19Z,22Z,25Z);3oxo
74233	CoA 28:5(13Z,16Z,19Z,22Z,25Z)
74246	CoA 30:5(15Z,18Z,21Z,24Z,27Z);3oxo
74247	CoA 30:5(15Z,18Z,21Z,24Z,27Z)
74254	CoA 32:5(17Z,20Z,23Z,26Z,29Z);3oxo
74259	CoA 32:5(17Z,20Z,23Z,26Z,29Z)
74249	CoA 34:5(19Z,22Z,25Z,28Z,31Z);3oxo
74260	CoA 34:5(19Z,22Z,25Z,28Z,31Z)
74261	CoA 36:5(21Z,24Z,27Z,30Z,33Z);3oxo
74262	CoA 36:5(21Z,24Z,27Z,30Z,33Z)
74263	CoA 38:5(23Z,26Z,29Z,32Z,35Z);3oxo
74282	CoA 26:4(11Z,14Z,17Z,20Z)
74283	CoA 28:4(13Z,16Z,19Z,22Z);3oxo
74285	CoA 28:4(13Z,16Z,19Z,22Z)
74286	CoA 30:4(15Z,18Z,21Z,24Z);3oxo
74287	CoA 30:4(15Z,18Z,21Z,24Z)
74288	CoA 32:4(17Z,20Z,23Z,26Z);3oxo
74289	CoA 32:4(17Z,20Z,23Z,26Z)
74290	CoA 34:4(19Z,22Z,25Z,28Z);3oxo
74291	CoA 34:4(19Z,22Z,25Z,28Z)
74292	CoA 36:4(21Z,24Z,27Z,30Z);3oxo
74293	CoA 36:4(21Z,24Z,27Z,30Z)
74294	CoA 38:4(23Z,26Z,29Z,32Z);3oxo
74297	CoA 18:2(9Z,11E)
74298	CoA 22:6(4Z,7Z,10Z,13Z,16Z,19Z)
74304	CoA 24:6(6Z,9Z,12Z,15Z,18Z,21Z);3oxo
74306	CoA 26:6(8Z,11Z,14Z,17Z,20Z,23Z)
74311	CoA 28:6(10Z,13Z,16Z,19Z,22Z,25Z);3oxo
74312	CoA 28:6(10Z,13Z,16Z,19Z,22Z,25Z)
74313	CoA 30:6(12Z,15Z,18Z,21Z,24Z,27Z);3oxo
74315	CoA 30:6(12Z,15Z,18Z,21Z,24Z,27Z)
74316	CoA 32:6(14Z,17Z,20Z,23Z,26Z,29Z);3oxo
74317	CoA 32:6(14Z,17Z,20Z,23Z,26Z,29Z)
74318	CoA 34:6(16Z,19Z,22Z,25Z,28Z,31Z);3oxo
74319	CoA 34:6(16Z,19Z,22Z,25Z,28Z,31Z)
74320	CoA 36:6(18Z,21Z,24Z,27Z,30Z,33Z);3oxo
74328	CoA 20:3(11Z,14Z,17Z)
74329	CoA 22:3(13Z,16Z,19Z);3oxo
74265	CoA 20:4(8Z,11Z,14Z,17Z)
74334	CoA 22:4(10Z,13Z,16Z,19Z);3oxo
74424	CoA 22:4(10Z,13Z,16Z,19Z)
74427	CoA 24:4(12Z,15Z,18Z,21Z);3oxo
74546 | 82922	PA 18:1(9Z)/18:1(9Z)
74547	LPA 18:2(9Z,12Z)/0:0
74548	PA 18:2(9Z,12Z)/18:1(9Z)
74549	LPA 18:3(9Z,12Z,15Z)/0:0
74550	PA 18:3(9Z,12Z,15Z)/18:1(9Z)
74563	PA 18:1(9Z)/18:2(9Z,12Z)
74581	LPA 18:3(6Z,9Z,12Z)/0:0
74582	PA 18:3(6Z,9Z,12Z)/18:1(9Z)
73002	PC 16:0/18:2(9Z,12Z)
73003	PC 16:0/20:4(5Z,8Z,11Z,14Z)
72860	PA 16:0/18:2(9Z,12Z)
73009	PE 16:0/20:4(5Z,8Z,11Z,14Z)
74892	PS 18:1(9Z)/18:2(9Z,12Z)
74897	PS 18:1(9Z)/20:4(5Z,8Z,11Z,14Z)
74669	PC 18:1(9Z)/18:1(9Z)
74670	PC 18:1(9Z)/18:2(9Z,12Z)
74671	PC 18:1(9Z)/20:4(5Z,8Z,11Z,14Z)
72864	PA 16:0/20:4(5Z,8Z,11Z,14Z)
74928	PA 18:1(9Z)/20:4(5Z,8Z,11Z,14Z)
74938	LPA 20:4(5Z,8Z,11Z,14Z)/0:0
74941	PA 20:4(5Z,8Z,11Z,14Z)/18:1(9Z)
74963	PC 16:0/22:6(4Z,7Z,10Z,13Z,16Z,19Z)
73008	PE 16:0/18:2(9Z,12Z)
72859	PA 16:0/16:0
72835	PI 16:0/16:0
72838	PI 16:0/18:2(9Z,12Z)
72834	PI 16:0/20:4(5Z,8Z,11Z,14Z)
72829	PG 16:0/16:0
72840	PG 16:0/18:2(9Z,12Z)
71412	CoA 18:1(2E)
76374	CoA 18:0;3OH
76613	WE 16:0;3OH/0:0
76614	WE 18:0;3OH/0:0
76709	WE 20:0;3OH/0:0
30807	WE 14:0/0:0
25629	WE 18:0/0:0
23858	WE 22:0/0:0
76722	WE 22:0;2OH/0:0
32360	WE 20:0/0:0
76723	WE 24:0;2OH/0:0
76724	WE 18:0;2OH/0:0
76728	WE 26:0;2OH/0:0
76732	WE 20:0;2OH/0:0
76751	Cer 18:1(4);(OH)2/16:0;OH
76754	Cer 18:1(4);(OH)2/18:0;OH
76756	Cer 18:1(4);(OH)2/24:0;OH
76758	Cer 18:1(4);(OH)2/24:1(15);OH
72826	LPG 14:0/0:0
72830	PG 14:0/16:0
72831	PG 18:0/16:0
72828	LPG 18:1(9Z)/0:0
72832	PG 18:1(9Z)/16:0
76624	WE 20:4(5Z,8Z,11Z,14Z);20OH/0:0
25646	WE 8:0/0:0
27689	WE 10:0/0:0
32370	WE 14:1(9Z)/0:0
76639	WE 20:5(5Z,8Z,11Z,14Z,17Z);20OH/0:0
62613	CoA 16:0;3OH
57349	CoA 16:0;3oxo
77091	PA 18:0/20:4(5Z,8Z,11Z,14Z)
77126	PA 20:4(5Z,8Z,11Z,14Z)/20:4(5Z,8Z,11Z,14Z)
76368	CoA 22:5(4Z,7Z,10Z,13Z,16Z)
74084	CoA 24:5(6Z,9Z,12Z,15Z,18Z)
77242	CoA 26:5(8Z,11Z,14Z,17Z,20Z)
77244	CoA 28:5(10Z,13Z,16Z,19Z,22Z)
77247	CoA 30:5(12Z,15Z,18Z,21Z,24Z)
17950	LacCer 18:1;O2
57973	LTC4
76079	LPC 0:0/20:4(5Z,8Z,11Z,14Z)
72966	Cer 18:1(4E);1OH,3OH/22:0
16120	WE 5:0;5oxo/0:0
77447	TG 46:2
57674	CerP 18:1;O2
61406	CoA 10:1(2E)
57330	CoA 12:1(2E)
57461	FA 20:4(6Z,8E,10E,14Z);5OH,12OH
606564	FA 20:2(5Z,13E);[8-12cy5:0;11OH;9oxo];15OH
18390	GalCer 18:1;O2
71589	WE 20:3(8Z,11Z,14Z)/0:0
77224	WE 22:5(7Z,10Z,13Z,16Z,19Z)/0:0
32426	WE 20:1(11Z)/0:0
60955	WE 18:2(10E,12Z);9OOH/0:0
57446	WE 20:4(5Z,8Z,11Z,13E);15OOH/0:0
57466	WE 18:2(9Z,11E);13OOH/0:0
73110	Gal-GalNAc-NeuAc-Gal-Glc-Cer 18:1(4);OH/18:0
18313	Hex3Cer 18:1;O2
77895	WE 18:2(10E,12Z);9OH/0:0
75230	WE 20:4(5Z,8Z,10E,14Z);12OOH/0:0
57444	WE 20:4(5Z,8Z,10E,14Z);12OOH/0:0
75322	WE 20:4(5Z,9E,11Z,14Z);8OOH/0:0
57447	WE 20:4(5Z,9E,11Z,14Z);8OOH/0:0
75326	WE 20:4(5Z,9E,11Z,14Z);8oxo/0:0
57450	WE 20:4(6E,8Z,11Z,14Z);5OOH/0:0
57463	LTA4
22801	GlcCer 18:1;O2
72957	Cer 18:1(4E);1OH,3OH/14:0
66996	Cer 20:0;1OH,3OH,4OH/26:0;2OH
78020	WE 27:0/0:0
77934	WE 20:4(5Z,9E,11Z,14Z);8OH/0:0
27938	Gal-GalNAc-Gal-Glc-Cer 18:1(4);OH/0:0
75956	SulfoGalCer 18:1;O2
77342	LPS 0:0/18:1(9Z)
60065	NeuAc-Gal-Glc-Cer 18:1(4);OH/0:0
78445	Hex-Hex-Hex-HexNAc-NeuAc-NeuAc-Cer 18:1(4);OH/0:0
71502	GalNAc-NeuAc-Gal-Glc-Cer 18:1(4);OH/0:0
78542	GalNAc-NeuAc-NeuAc-Gal-Glc-Cer 18:1(4);OH/0:0
62614	CoA 14:0;3OH
61405	CoA 14:1(2E)
62543	CoA 14:0;3oxo
62558	CoA 12:0;3OH
62615	CoA 12:0;3oxo
62617	CoA 8:0;3OH
62619	CoA 8:0;3oxo
62616	CoA 10:0;3OH
62548	CoA 10:0;3oxo
62075	CoA 6:0;3OH
62418	CoA 6:0;3oxo
57316	CoA 4:0;3OH
62242	CoA 8:1(2E)
62077	CoA 6:1(2E)
57371	CoA 4:0
78436	NeuAc-NeuAc-Gal-Glc-Cer 18:1(4);OH/0:0
78568	GM1b 18:1(4);OH/0:0
57312	CoA 4:0;2Me;3OH
78043	WE 20:3(5Z,8Z,11Z)/0:0
78705	WE 18:2(6Z,9Z)/0:0
78707	WE 20:2(8Z,11Z)/0:0
46979	Cer 18:1(4E);1OH,3OH/2:0
77016	WE 22:6(4Z,7Z,10Z,13Z,16Z,19Z)/0:0
77220	WE 20:2(11Z,14Z)/0:0
32366	WE 17:0/0:0
78990	WE 17:1(10Z)/0:0
32387	WE 18:3(9Z,12Z,15Z)/0:0
32391	WE 18:3(6Z,9Z,12Z)/0:0
78050	WE 18:4/0:0
77223	WE 20:3(11Z,14Z,17Z)/0:0
77222	WE 18:4(6Z,9Z,12Z,15Z)/0:0
32393	WE 22:1(13Z)/0:0
77806	WE 22:2(13Z,16Z)/0:0
82903	WE 22:3(10Z,13Z,16Z)/0:0
77808	WE 22:3(13Z,16Z,19Z)/0:0
77225	WE 22:4(7Z,10Z,13Z,16Z)/0:0
79007	WE 23:0/0:0
32392	WE 24:1(15Z)/0:0
79010	FA 20:1(13E);[8-12cy5:0;9OH;11oxo];15OH
32429	WE 22:1(11Z)/0:0
17272	WE 3:0/0:0
17120	WE 6:0/0:0
77197	WE 12:0;11Me/0:0
125832	WE 13:0/0:0
78795	WE 15:0/0:0
77219	WE 16:2(9Z,12Z)/0:0
32375	WE 18:1(6Z)/0:0
30827	WE 18:1(11Z)/0:0
30828	WE 18:1(11E)/0:0
17539	WE 18:2(9Z,11E)/0:0
78796	WE 19:0/0:0
71563	WE 20:4(8Z,11Z,14Z,17Z)/0:0
78797	WE 21:0/0:0
77226	WE 22:5(4Z,7Z,10Z,13Z,16Z)/0:0
77227	WE 24:4(9Z,12Z,15Z,18Z)/0:0
77201	WE 24:5(9Z,12Z,15Z,18Z,21Z)/0:0
77228	WE 24:5(6Z,9Z,12Z,15Z,18Z)/0:0
77202	WE 24:6(6Z,9Z,12Z,15Z,18Z,21Z)/0:0
77221	WE 26:1(17Z)/0:0
77229	WE 26:4(11Z,14Z,17Z,20Z)/0:0
77203	WE 26:5(11Z,14Z,17Z,20Z,23Z)/0:0
77230	WE 26:5(8Z,11Z,14Z,17Z,20Z)/0:0
77205	WE 26:6(8Z,11Z,14Z,17Z,20Z,23Z)/0:0
77231	WE 28:4(13Z,16Z,19Z,22Z)/0:0
77206	WE 28:5(13Z,16Z,19Z,22Z,25Z)/0:0
77243	WE 28:5(10Z,13Z,16Z,19Z,22Z)/0:0
77209	WE 28:6(10Z,13Z,16Z,19Z,22Z,25Z)/0:0
77232	WE 30:4(15Z,18Z,21Z,24Z)/0:0
77210	WE 30:5(15Z,18Z,21Z,24Z,27Z)/0:0
77246	WE 30:5(12Z,15Z,18Z,21Z,24Z)/0:0
77211	WE 30:6(12Z,15Z,18Z,21Z,24Z,27Z)/0:0
77233	WE 32:4(17Z,20Z,23Z,26Z)/0:0
77212	WE 32:5(17Z,20Z,23Z,26Z,29Z)/0:0
77213	WE 32:6(14Z,17Z,20Z,23Z,26Z,29Z)/0:0
77234	WE 34:4(19Z,22Z,25Z,28Z)/0:0
77214	WE 34:5(19Z,22Z,25Z,28Z,31Z)/0:0
77215	WE 34:6(16Z,19Z,22Z,25Z,28Z,31Z)/0:0
77235	WE 36:4(21Z,24Z,27Z,30Z)/0:0
77216	WE 36:5(21Z,24Z,27Z,30Z,33Z)/0:0
77217	WE 36:6(18Z,21Z,24Z,27Z,30Z,33Z)/0:0
77236	WE 38:4(23Z,26Z,29Z,32Z)/0:0
77218	WE 38:5(23Z,26Z,29Z,32Z,35Z)/0:0
77438	FOH 12:0;11Me
77417	FOH 14:0
77435	FOH 14:0;13Me
77434	FOH 16:0;15Me
75627	FOH 20:0
31000	FOH 22:0
77413	FOH 24:0
28415	FOH 26:0
28243	FOH 28:0
28409	FOH 30:0
78805	FOH 18:1(13Z)
50405	FOH 18:1(11Z)
77412	FOH 20:1(11Z)
77416	FOH 22:1(13Z)
78113	FA 3:0
78115	FA 4:0
78116	WE 6:0/0:0
78117	WE 8:0/0:0
78118	WE 10:0/0:0
78119	WE 12:0/0:0
78120	WE 13:0/0:0
78121	WE 14:0/0:0
78896	WE 14:0/0:0
78122	WE 15:0/0:0
78123	WE 16:0/0:0
78095	WE 16:0/0:0
78096	WE 16:2/0:0
78124	WE 17:0/0:0
78125	WE 18:0/0:0
78049	WE 18:0/0:0
25626	WE 18:2/0:0
36434	WE 18:3/0:0
78892	WE 19:0/0:0
78126	WE 20:0/0:0
78075	WE 20:0/0:0
78073	WE 20:2/0:0
78072	WE 20:3/0:0
62920	WE 20:4/0:0
61330	WE 20:5/0:0
78893	WE 21:0/0:0
78127	WE 22:0/0:0
78076	WE 22:0/0:0
78894	WE 22:2/0:0
78895	WE 22:3/0:0
78069	WE 22:4/0:0
78053	WE 22:5/0:0
78060	WE 22:6/0:0
78128	WE 24:0/0:0
78068	WE 24:0/0:0
78061	WE 24:4/0:0
78052	WE 24:5/0:0
78056	WE 24:6/0:0
78129	WE 26:0/0:0
78055	WE 26:0/0:0
78054	WE 26:4/0:0
78051	WE 26:5/0:0
78057	WE 26:6/0:0
78130	WE 28:0/0:0
78062	WE 28:4/0:0
78063	WE 28:5/0:0
78066	WE 28:6/0:0
78131	WE 30:0/0:0
78079	WE 30:4/0:0
78077	WE 30:5/0:0
78080	WE 30:6/0:0
78081	WE 32:4/0:0
78082	WE 32:5/0:0
78083	WE 32:6/0:0
78086	WE 34:4/0:0
78087	WE 34:5/0:0
78088	WE 34:6/0:0
78089	WE 36:4/0:0
78091	WE 36:5/0:0
78092	WE 36:6/0:0
78093	WE 38:4/0:0
78094	WE 38:5/0:0
78132	FOH 13:0
78133	FOH 14:0
78134	FOH 15:0
78136	FOH 16:0
78137	FOH 17:0
78138	FOH 18:0
78139	FOH 20:0
78140	FOH 22:0
78142	FOH 24:0
78143	FOH 26:0
78144	FOH 28:0
78145	FOH 30:0
78147	FOH 18:0
78148	FOH 20:0
78149	FOH 22:0
78150	FOH 18:2
78632	FOH 13:0
78633	FOH 14:0
78634	FOH 15:0
78635	FOH 16:0
78637	FOH 17:0
78638	FOH 24:0
78639	FOH 26:0
78641	FOH 28:0
78642	FOH 30:0
78643	FOH 20:2
78644	FOH 22:2
78645	FOH 18:3
64396	LPC O-18:1(9Z)/0:0
78102	LPC O-14:0/0:0
74901	PS 18:1(9Z)/16:1(9Z)
74909	PS 18:1(9Z)/16:0
74902	PS 18:1(9Z)/18:0
65224	PS 12:0/12:0
111515	PS 16:0/16:0
65223	PS 8:0/8:0
78262	PS 16:0/22:6(4Z,7Z,10Z,13Z,16Z,19Z)
75032	PS 16:0/20:4(5Z,8Z,11Z,14Z)
75031	PS 16:0/18:2(9Z,12Z)
75029	PS 16:0/18:1(9Z)
78265	PS 18:0/22:6(4Z,7Z,10Z,13Z,16Z,19Z)
78269	PS 18:0/20:4(5Z,8Z,11Z,14Z)
84466	PS 18:0/18:2(9Z,12Z)
78260	PS 18:0/18:1(9Z)
84461	PS 17:0/20:4(5Z,8Z,11Z,14Z)
73868	PC 18:1(11Z)/22:5(7Z,10Z,13Z,16Z,19Z)
77694	PC 20:4(5Z,8Z,11Z,14Z)/16:0
89439	PC 18:3(9Z,12Z,15Z)/18:2(9Z,12Z)
89577	PC 18:2(9Z,12Z)/18:3(9Z,12Z,15Z)
89597	PC 18:2(9Z,12Z)/18:1(9Z)
74479	PC 16:1(9Z)/22:2(13Z,16Z)
78044	PC 18:1(9Z)/2:0
76073	PC 18:1(9Z)/18:0
60657	PC 20:4(5Z,8Z,11Z,14Z)/20:4(5Z,8Z,11Z,14Z)
42027	PC 18:2(9Z,12Z)/18:2(9Z,12Z)
83717	PC 16:1(9Z)/16:1(9Z)
78226	PC 10:0/10:0
65211	PC 12:0/12:0
138194	PC 6:0/6:0
83718	PC 18:0/18:0
78228	PC 8:0/8:0
45240	PC 14:0/14:0
74967	PC 12:0/20:4(5Z,8Z,11Z,14Z)
74970	PC 20:0/20:4(5Z,8Z,11Z,14Z)
84470	PC 17:0/20:4(5Z,8Z,11Z,14Z)
137411	PC 16:0/20:3(11Z,14Z,17Z)
86137	PC 16:0/20:5(5Z,8Z,11Z,14Z,17Z)
77832	PC 16:0/4:0
82943	PC 16:0/20:0
77831	PC 16:0/3:0
73865	PC 18:0/22:5(4Z,7Z,10Z,13Z,16Z)
74965	PC 18:0/20:4(5Z,8Z,11Z,14Z)
78022	PC 18:0/18:3(9Z,12Z,15Z)
84822	PC 18:0/18:2(9Z,12Z)
75026	PC 18:0/16:0
138212	PC 18:0/6:0
73793	PC 14:0/18:1(11Z)
76085	LPC 0:0/22:6(4Z,7Z,10Z,13Z,16Z,19Z)
76084	LPC 0:0/18:2(9Z,12Z)
76071	LPC 0:0/18:1(9Z)
78045	LPC 0:0/2:0
140088	LPC 0:0/12:0
76078	LPC 0:0/16:0
76076	LPC 0:0/18:0
140082	LPC 0:0/8:0
78765	PI 18:1(9Z)/20:4(5Z,8Z,11Z,14Z)
77165	PI 18:2(9Z,12Z)/18:2(9Z,12Z)
82606	PI 4:0/4:0
65221	PI 8:0/8:0
75160	PI 16:0/12:0
74245	PI 18:0/20:5(5Z,8Z,11Z,14Z,17Z)
77158	PI 18:0/18:2(9Z,12Z)
77163	PI 18:0/18:1(9Z)
74694	LPA 16:1(9Z)/0:0
77724	LPA 10:0/0:0
78223	LPA 6:0/0:0
78402	LPA O-18:1(9Z)/0:0
77580	LPA O-16:0/0:0
83055	LPC 20:2(11Z,14Z)/0:0
73873	LPC 22:6(4Z,7Z,10Z,13Z,16Z,19Z)/0:0
74348	LPC 22:5(4Z,7Z,10Z,13Z,16Z)/0:0
74344	LPC 20:4(5Z,8Z,11Z,14Z)/0:0
28733	LPC 18:2(9Z,12Z)/0:0
73851	LPC 16:1(9Z)/0:0
73794	LPC 14:1(9Z)/0:0
77726	LPC 10:0/0:0
74340	LPC 17:0/0:0
78215	LPC 6:0/0:0
138723	PA 18:1(9Z)/22:6(4Z,7Z,10Z,13Z,16Z,19Z)
74697	PA 18:1(9Z)/16:1(9Z)
75076	PA 18:1(9Z)/12:0
82924	PA 22:6(4Z,7Z,10Z,13Z,16Z,19Z)/22:6(4Z,7Z,10Z,13Z,16Z,19Z)
77128	PA 18:2(9Z,12Z)/18:2(9Z,12Z)
74695	PA 16:1(9Z)/16:1(9Z)
78227	PA 10:0/10:0
82921	PA 18:0/18:0
78229	PA 8:0/8:0
83550	PA 14:0/14:0
77094	PA 20:0/20:4(5Z,8Z,11Z,14Z)
78768	PA 17:0/20:4(5Z,8Z,11Z,14Z)
84427	PA 17:0/12:0
84430	PA 17:0/16:0
84429	PA 17:0/18:0
84428	PA 17:0/14:0
82928	PA 16:0/22:6(4Z,7Z,10Z,13Z,16Z,19Z)
77130	PA 18:0/22:6(4Z,7Z,10Z,13Z,16Z,19Z)
77098	PA 18:0/18:2(9Z,12Z)
74696	PA 18:0/16:1(9Z)
55430	PC O-16:0/20:4(5Z,8Z,11Z,14Z)
75268	PC O-16:0/18:1(9Z)
78368	PC O-16:0/4:0
78367	PC O-16:0/3:0
75245	PC O-18:0/20:4(5Z,8Z,11Z,14Z)
74482	PC O-18:0/20:0
78101	PC O-14:0/2:0
78387	PE O-16:0/2:0
75020	LPS 16:0/0:0
84467	LPS 18:0/0:0
84462	LPS 17:0/0:0
72747	LPE 22:6(4Z,7Z,10Z,13Z,16Z,19Z)/0:0
64395	LPE 20:4(5Z,8Z,11Z,14Z)/0:0
72742	LPE 20:4(8Z,11Z,14Z,17Z)/0:0
83058	LPE 18:2(9Z,12Z)/0:0
74971	LPE 18:1(9Z)/0:0
84490	LPE 17:0/0:0
75036	LPE 18:0/0:0
84299	LPE 14:0/0:0
74487	PE 18:1(11Z)/22:2(13Z,16Z)
82618	WE 18:1(13Z)/0:0
82730	WE 16:1(7Z)/0:0
82731 | 82731	WE 32:5(14Z,17Z,20Z,23Z,26Z)/0:0
57392	CoA 3:0
74339	CoA 16:1(6Z)
61540	CoA 16:1(9Z)
76552	CoA 16:2(9Z,12Z)
76410	CoA 20:2(11Z,14Z)
74264	CoA 20:3(8Z,11Z,14Z)
78664	CoA 20:4(5Z,11Z,14Z,17Z)
74423	CoA 22:3(10Z,13Z,16Z)
74087	CoA 24:4(9Z,12Z,15Z,18Z)
74083	CoA 24:5(9Z,12Z,15Z,18Z,21Z)
74086	CoA 24:6(6Z,9Z,12Z,15Z,18Z,21Z)
76386	CoA 30:0
76515	CoA 36:6(18Z,21Z,24Z,27Z,30Z,33Z)
76442	CoA 38:4(23Z,26Z,29Z,32Z)
76484	CoA 38:5(23Z,26Z,29Z,32Z,35Z)
72019	Cer 18:0;1OH,3OH/28:0
74426	CoA 22:3(10Z,13Z,16Z);3oxo
74450	Cer 18:1(4E);1OH,3OH/24:1(15Z)
73990	MG 0:0/18:1(9Z)/0:0
75586	FOH 16:0;2OH
28903	FOH 10:0
75623	FOH 16:1(9Z)
75935	WE 24:0;2OH/0:0
76226	Cer 18:0;1OH,3OH/6:0
76291	CoA 9:0
76292	CoA 9:1(2E)
76298	WE 22:0;22oxo/0:0
76311	WE 26:0;26oxo/0:0
76304	WE 22:0;22OH/0:0
76305	WE 26:0;26OH/0:0
74278	CoA 16:0;3OH
76610	WE 24:0;24OH/0:0
63904	WE 16:0;3OH,16OH/0:0
76615	WE 18:0;3OH,18OH/0:0
76628	WE 12:0;11OH/0:0
76627	WE 20:4(5Z,8Z,11Z,14Z);19OH/0:0
76625	WE 20:3(5Z,8Z,14Z);11Ep/0:0
76645	WE 20:4(5Z,8Z,11Z,14Z);20oxo/0:0
76636	WE 20:5(5Z,8Z,11Z,14Z,17Z);19OH/0:0
76633	WE 20:4(5Z,8Z,11Z,14Z);17Ep/0:0
76634	WE 20:4(5Z,8Z,11Z,14Z);17Ep/0:0
76635	WE 20:4(5Z,8Z,11Z,14Z);17Ep/0:0
76373	CoA 20:0;3OH
74691	CoA 20:1(2E)
76375	CoA 22:0;3OH
74692	CoA 22:1(2E)
76377	CoA 24:0;3OH
74693	CoA 24:1(2E)
76378	CoA 26:0;3OH
74281	CoA 26:1(2E)
76382	CoA 28:0;3OH
76383	CoA 28:1(2E)
76384	CoA 30:0;3OH
76385	CoA 30:1(2E)
63590	WE 20:4(5Z,8Z,11Z,14Z);18OH/0:0
76387	CoA 20:1(11Z);3OH
76389	CoA 22:1(13Z);3OH
76392	CoA 24:1(15Z);3OH
77015	WE 22:6(4Z,7Z,10Z,13Z,16Z,19Z);22OH/0:0
74279	CoA 8:0;3OH
77160	PIP(5') 18:0/20:4(5Z,8Z,11Z,14Z)
77167	PIP(5') 18:2(9Z,12Z)/18:2(9Z,12Z)
77136	PIP(4') 18:0/20:4(5Z,8Z,11Z,14Z)
77137	PIP2(4',5') 18:0/20:4(5Z,8Z,11Z,14Z)
77139	PIP(4') 18:0/18:1(9Z)
77140	PIP2(4',5') 18:0/18:1(9Z)
77164	PIP(5') 18:0/18:1(9Z)
77159	PIP(5') 18:0/18:2(9Z,12Z)
76555	CoA 18:1(11Z);3oxo
76559	CoA 20:1(13Z);3oxo
28878	FOH 12:0
77468	FOH 15:0
77470	FOH 17:0
77474	FOH 18:3(9Z,12Z,15Z)
77545	CoA 15:1(2E)
77547	CoA 11:0
77548	CoA 11:1(2E)
77549	CoA 16:2(2E,9Z)
77551	CoA 17:1(2E)
77552	CoA 18:2(2E,9E)
77553	CoA 18:2(2E,9Z)
77558	CoA 18:3(2E,9Z,12Z)
77559	CoA 22:7(2E,4Z,7Z,10Z,13Z,16Z,19Z)
77755	WE 18:1(8E);10OOH/0:0
77812	WE 9:0;9oxo/0:0
31011	WE 5:0/0:0
72962	Cer 18:1(4E);1OH,3OH/20:0
72956	Cer 18:1(4E);1OH,3OH/12:0
63867	Cer 18:1(4E);1OH,3OH/6:0
77996	Cer 18:1(4E);1OH,3OH/18:1(9Z)
78001	Cer 18:0;1OH,3OH,4OH/12:0
78046	WE 20:3(5Z,8Z,10E);12OOH/0:0
78047	WE 20:3(8Z,10E,14Z);12OOH/0:0
78048	WE 22:6(4Z,7Z,10Z,12E,16Z,19Z);14OOH/0:0
78070	WE 18:3(6Z,8E,12Z);10OOH/0:0
78078	WE 20:5(5Z,8Z,10E,14Z,17Z);12OOH/0:0
78097	NAPE 18:1(9Z)/18:1(9Z)/16:0
67026	LXA4
57353	CoA 5:1(3E)
76408	CoA 20:2(11Z,14Z);3OH
76409	CoA 20:3(2E,11Z,14Z)
76411	CoA 20:3(8Z,11Z,14Z);3OH
76412	CoA 20:4(2E,8Z,11Z,14Z)
76415	CoA 22:4(7Z,10Z,13Z,16Z);3OH
76416	CoA 22:5(2E,7Z,10Z,13Z,16Z)
76417	CoA 24:4(9Z,12Z,15Z,18Z);3OH
76418	CoA 24:5(2E,9Z,12Z,15Z,18Z)
76419	CoA 26:4(11Z,14Z,17Z,20Z);3oxo
76420	CoA 26:4(11Z,14Z,17Z,20Z);3OH
76421	CoA 26:5(2E,11Z,14Z,17Z,20Z)
76422	CoA 28:4(13Z,16Z,19Z,22Z);3OH
76428	CoA 28:5(2E,13Z,16Z,19Z,22Z)
76430	CoA 30:4(15Z,18Z,21Z,24Z);3OH
76431	CoA 30:5(2E,15Z,18Z,21Z,24Z)
76432	CoA 32:4(17Z,20Z,23Z,26Z);3OH
76434	CoA 32:5(2E,17Z,20Z,23Z,26Z)
76435	CoA 34:4(19Z,22Z,25Z,28Z);3OH
76436	CoA 34:5(2E,19Z,22Z,25Z,28Z)
76437	CoA 36:4(21Z,24Z,27Z,30Z);3OH
76438	CoA 36:5(2E,21Z,24Z,27Z,30Z)
76440	CoA 38:4(23Z,26Z,29Z,32Z);3OH
76441	CoA 38:5(2E,23Z,26Z,29Z,32Z)
76455	CoA 20:3(11Z,14Z,17Z);3OH
76456	CoA 20:4(2E,11Z,14Z,17Z)
76457	CoA 20:4(8Z,11Z,14Z,17Z);3OH
76458	CoA 20:5(2E,8Z,11Z,14Z,17Z)
76460	CoA 22:5(7Z,10Z,13Z,16Z,19Z);3OH
76461	CoA 22:6(2E,7Z,10Z,13Z,16Z,19Z)
76462	CoA 24:5(9Z,12Z,15Z,18Z,21Z);3OH
76464	CoA 24:6(2E,9Z,12Z,15Z,18Z,21Z)
74663	CoA 26:5(11Z,14Z,17Z,20Z,23Z);3oxo
76466	CoA 26:5(11Z,14Z,17Z,20Z,23Z);3OH
76467	CoA 26:6(2E,11Z,14Z,17Z,20Z,23Z)
76468	CoA 28:5(13Z,16Z,19Z,22Z,25Z);3OH
76469	CoA 28:6(2E,13Z,16Z,19Z,22Z,25Z)
76470	CoA 30:5(15Z,18Z,21Z,24Z,27Z);3OH
76471	CoA 30:6(2E,15Z,18Z,21Z,24Z,27Z)
76473	CoA 32:5(17Z,20Z,23Z,26Z,29Z);3OH
76474	CoA 32:6(2E,17Z,20Z,23Z,26Z,29Z)
76475	CoA 34:5(19Z,22Z,25Z,28Z,31Z);3OH
76476	CoA 34:6(2E,19Z,22Z,25Z,28Z,31Z)
76477	CoA 36:5(21Z,24Z,27Z,30Z,33Z);3OH
76479	CoA 36:6(2E,21Z,24Z,27Z,30Z,33Z)
76481	CoA 38:5(23Z,26Z,29Z,32Z,35Z);3OH
76483	CoA 38:6(2E,23Z,26Z,29Z,32Z,35Z)
74305	CoA 26:6(8Z,11Z,14Z,17Z,20Z,23Z);3oxo
76491	CoA 26:6(8Z,11Z,14Z,17Z,20Z,23Z);3OH
76493	CoA 26:7(2E,8Z,11Z,14Z,17Z,20Z,23Z)
76494	CoA 28:6(10Z,13Z,16Z,19Z,22Z,25Z);3OH
76495	CoA 28:7(2E,10Z,13Z,16Z,19Z,22Z,25Z)
76496	CoA 30:6(12Z,15Z,18Z,21Z,24Z,27Z);3OH
76497	CoA 30:7(2E,12Z,15Z,18Z,21Z,24Z,27Z)
76502	CoA 32:6(14Z,17Z,20Z,23Z,26Z,29Z);3OH
76504	CoA 32:7(2E,14Z,17Z,20Z,23Z,26Z,29Z)
76505	CoA 34:6(16Z,19Z,22Z,25Z,28Z,31Z);3OH
76506	CoA 34:7(2E,16Z,19Z,22Z,25Z,28Z,31Z)
76513	CoA 36:6(18Z,21Z,24Z,27Z,30Z,33Z);3OH
76514	CoA 36:7(2E,18Z,21Z,24Z,27Z,30Z,33Z)
36204	WE 12:0;12OH/0:0
77033	WE 14:0;14OH/0:0
78423	WE 12:0;11OH/0:0
78424	WE 18:1(9Z);18OH/0:0
55329	WE 16:0;16OH/0:0
78426	UNDEFINED 18:1;O3
78438	NeuAc-NeuAc-NeuAc-Gal-Glc-Cer 18:1(4);OH/0:0
78452	NeuAc-Gal-GalNAc-NeuAc-NeuAc-Gal-Glc-Cer 18:1(4);OH/0:0
78455	NeuAc-NeuAc-Gal-GalNAc-NeuAc-NeuAc-Gal-Glc-Cer 18:1(4);OH/0:0
78447	GT1a 18:1(4);OH/0:0
78486	GalNAc-Gal-Glc-Cer 18:1(4);OH/18:0
78485	GalNAc-NeuAc-Gal-Glc-Cer 18:1(4);OH/18:0
78484	Gal-GalNAc-Gal-Glc-Cer 18:1(4);OH/18:0
27731	GalNAc-Gal-Glc-Cer 18:1(4);OH/0:0
78571	GT1a 18:1(4);OH/0:0
78572	NeuAc-NeuAc-Gal-GalNAc-NeuAc-NeuAc-Gal-Glc-Cer 18:1(4);OH/0:0
77709	Gal-GalNAc-NeuAc-Gal-Glc-Cer 18:1(4);OH/0:0
78663	CoA 20:3(5Z,11Z,14Z)
78670	CoA 20:2(8Z,11Z)
78680	CoA 14:2(9Z,12Z)
78684	CoA 15:2(9Z,12Z)
78690	CoA 17:2(9Z,12Z)
57389	CoA 5:0
78811	CoA 7:0
57345	CoA 6:0;5Me
57336	CoA 4:0;2Me
82628	WE 20:4(5Z,8Z,12E,14Z);11OOH/0:0
82626	WE 20:4(5Z,8Z,11Z,13E);15OOH/0:0
78907	PGP 18:1(9Z)/18:1(9Z)
78911	PIP(5') 8:0/8:0
78934	PIP(3') 8:0/8:0
78995	PIP(3') 16:0/16:0
78994	PIP2(3',5') 16:0/16:0
79021	CoA 16:1(11Z);3oxo
82605	PIP(5') 4:0/4:0
82629	PGG2
3663	SE 27:1/16:0
41509	SE 27:1/18:2(9Z,12Z)
82810	Cer 16:0;1OH,3OH/16:0
82811	Cer 16:0;1OH,3OH/18:0
71984	Cer 20:0;(OH)2/0:0
71986	Cer 20:1(4);(OH)2/0:0
82841	Cer 18:0;1OH,3OH/8:0
82842	Cer 18:0;1OH,3OH,4OH/8:0
78646	SM(1) 18:1(4E);3OH/16:0
58953	SFA
76567	PUFA
83343	WE 20:4(5Z,8Z,10E,14Z);12OH/0:0
83672	5-PAHSA
83670	9-PAHSA
83675	10-PAHSA
83676	11-PAHSA
83700	7-PAHSA
83701	8-PAHSA
74532	SM(1) 18:1(4E);3OH/22:0
82680	MUFA
28610	LPC 18:1(9Z)/0:0
77253	CL 18:1(9Z)/18:1(9Z)/18:1(9Z)/18:1(9Z)
77259	LCL 18:1(9Z)/18:1(9Z)/18:1(9Z)/0:0
77256	DLCL 18:1(9Z)/0:0/18:1(9Z)/0:0
30825	WE 18:1(9E)/0:0
83580	LCL 18:2(9Z,12Z)/18:2(9Z,12Z)/18:2(9Z,12Z)/0:0
83583	CL 18:2(9Z,12Z)/16:0/18:2(9Z,12Z)/18:2(9Z,12Z)
83582	CL 18:2(9Z,12Z)/18:1(9Z)/18:2(9Z,12Z)/18:2(9Z,12Z)
83581	CL 18:2(9Z,12Z)/18:2(9Z,12Z)/18:2(9Z,12Z)/18:2(9Z,12Z)
63693	WE 6:2(2Z,4Z);2OH/0:0
58784	CoA 16:0;3Me;2OH
49190	FAL 15:0;2Me
57315	CoA 4:0;3OH
83795	CoA 32:0;3oxo
49189	FAL 15:0;2Me,6Me,10Me,14Me
17034	FAL 18:0
32369	WE 11:0/0:0
32362	WE 7:0/0:0
57344	CoA 4:1(2);Me
58669	CoA 4:1(2)
31457	FAL 10:0
17935	FAL 8:0
34787	FAL 7:0
27836	FAL 12:0
84067	FAL 14:0
83195	GPGP
83188	GPIP
16188	FOH 8:0
35986	FOH 9:0
84650	CoA 14:1(5Z)
57460	FA 20:4(6Z,8E,10E,14Z);5OH,12OH,20OH
57397	FA 20:1(13E);[8-12cy5:0;11OH;9oxo];15OH
57403	PGI2
57445	TXA2
16236	FOH 2:0
58797	WE 18:0;9OH,10OH/0:0
77330	PUFA-CoA
77331	MUFA-CoA
77332	SFA-CoA
24026	FAOH
77061	CoA 9:0;4Me,8Me
77063	WE 9:0;4Me,8Me/0:0
57398	PGA1
83914	WE 16:0;15Me;16OH/0:0
83936	WE 16:0;15OH/0:0
84788	CoA 6:2(2E,4E)
84790	CoA 6:1(3E)
62244	CoA 10:2(2E,4E)
84793	CoA 10:1(3E)
84791	CoA 22:6(3E,7Z,10Z,13Z,16Z,19Z)
78611	CoA 4:0;3OH
84847	CoA 7:0;2Me,6Me
85175	11beta-PGF2alpha-EA
85173	FA 20:2(5Z,13E);[8-12cy5:0;9OH,11OH];15OH
85198	Cer 18:1(4E);1OH,3OH/20:4(5Z,8Z,11Z,14Z)
85204	Cer 18:0;1OH,3OH,4OH/18:1(9Z)
85206	Cer 18:0;1OH,3OH/20:4(5Z,8Z,11Z,14Z)
85207	Cer 18:0;1OH,3OH,4OH/20:4(5Z,8Z,11Z,14Z)
85217	NAPE 18:1(9Z)/0:0/16:0
85226	GP-NAE 16:0
85219	NAPE 18:1(9Z)/0:0/18:0
85227	GP-NAE 18:0
85222	NAPE 18:1(9Z)/0:0/18:1(9Z)
85229	GP-NAE 18:1(9Z)
85223	NAPE 18:1(9Z)/0:0/20:4(5Z,8Z,11Z,14Z)
85230	GP-NAE 20:4(5Z,8Z,11Z,14Z)
85253	NAE 20:0
85250	GP-NAE 22:6(4Z,7Z,10Z,13Z,16Z,19Z)
85252	NAE 22:6(4Z,7Z,10Z,13Z,16Z,19Z)
77190	CDPDAG 16:0/16:0
83577	CoA 24:0;2COOH
83578	CoA 26:0;2COOH
84175	WE 16:0;2Me/0:0
84182	CoA 16:0;2Me
84184	WE 11:0;3Me/0:0
84183	CoA 11:0;3Me
84176	WE 18:0;12Me/0:0
84181	CoA 18:0;12Me
84193	WE 13:0;12Me/0:0
84195	CoA 13:0;12Me
84197	WE 14:0;3OH/0:0
84198	CoA 14:0;3OH
84201	WE 18:0;12OH/0:0
84202	CoA 18:0;12OH
84203	WE 15:0;15OH/0:0
84205	CoA 15:0;15OH
84207	CoA 16:0;16OH
33163	WE 10:1(9)/0:0
84214	CoA 10:1(9)
85150	WE 18:1(9Z);12OH/0:0
85152	WE 18:1(9E);12OH/0:0
85165	2-glyceryl-PGG2
85166	2-glyceryl-PGH2
85284	Cer 18:1(4E);1OH,3OH/20:1(11Z)
85285	Cer 18:0;1OH,3OH/20:1(11Z)
85286	Cer 18:0;1OH,3OH,4OH/20:1(11Z)
85261	Cer 18:0;1OH,3OH/12:0
85262	NAE 14:0
85263	NAE 12:0
85277	NAPE 18:1(9Z)/18:1(9Z)/20:4(5Z,8Z,11Z,14Z)
85291	NAPE 18:1(9Z)/18:1(9Z)/18:1(9Z)
85292	NAPE 18:1(9Z)/18:1(9Z)/18:0
85299	NAE 18:0
85293	NAPE 18:1(9Z)/18:1(9Z)/14:0
85294	NAPE 18:1(9Z)/18:1(9Z)/12:0
85335	NAPE 16:0/0:0/16:0
85334	NAPE 16:0/18:2(9Z,12Z)/16:0
85295	NAPE 16:0/18:2(9Z,12Z)/10:0
85301	NAE 10:0
85296	NAPE 16:0/18:2(9Z,12Z)/8:0
85302	NAE 8:0
85297	NAPE 16:0/18:2(9Z,12Z)/6:0
85303	NAE 6:0
85304	NAE 4:0
85349	CDPDAG 18:0/20:4(5Z,8Z,11Z,14Z)
85350	CDPDAG 16:0/20:4(5Z,8Z,11Z,14Z)
85351	CDPDAG 20:4(5Z,8Z,11Z,14Z)/20:4(5Z,8Z,11Z,14Z)
85352	CDPDAG 18:0/18:2(9Z,12Z)
85353	CDPDAG 18:0/18:1(9Z)
85354	CDPDAG 18:0/22:6(4Z,7Z,10Z,13Z,16Z,19Z)
85355	CDPDAG 18:2(9Z,12Z)/18:2(9Z,12Z)
85356	CDPDAG 18:1(9Z)/18:1(9Z)
72963	CerP(1) 18:1(4E);3OH/16:0
85378	CerP(1) 18:1(4E);3OH/18:1(9Z)
85415	CoA 6:1(3Z)
73143	WE 5:0;4OH;2oxo/0:0
73142	WE 6:0;4OH;2oxo/0:0
17153	FAL 3:0
15743	FAL 4:0
17998	FAL 5:0;4Me
83850	SM 18:1;O2/22:1
83172	SM 18:1;O2/24:1
83362	SM 18:1;O2/26:1
83359	SM(1) 18:1(4E);3OH/20:0
83358	SM(1) 18:1(4E);3OH/18:0
83360	SM(1) 18:1(4E);3OH/24:0
75976	GalCer(1) 18:1(4E);3OH/22:0
83259	GalCer(1) 18:1(4E);3OH/16:0
84720	GalCer(1) 18:1(4E);3OH/18:0
134661	WE 20:5(7E,9E,11Z,14Z,16E);5Ep;18OH/0:0
83938	WE 16:0;14OH/0:0
85655	CoA 9:1(3E)
86040	CoA 8:0;3OH
86041	CoA 10:0;3OH
90815	WE 22:6(4Z,7Z,10Z,14E,16Z,19Z);13OH/0:0
131962	CoA 8:1(3E)
132031	WE 14:0;13OH/0:0
132070	WE 20:4(5Z,8Z,10E,12E);14Ep/0:0
133374	FA 20:2(5Z,13E);[8-12cy5:0;9OH,11OH];13OH,14OH;15oxo
133455	FAL 10:1(2E)
88528	FAL 6:0
28913	FAL 6:1(2E)
61748	FAL 8:1(2E)
133741	FAL 12:1(2E)
133799	WE 22:5(4Z,7Z,10Z,12E,16Z);14OOH/0:0
133798	WE 22:5(7Z,10Z,12E,16Z,19Z);14OOH/0:0
133812	WE 20:5(7E,9E,11Z,14Z,16E);5Ep;18OH/0:0
133795	WE 22:6(4Z,7Z,10Z,13Z,15E,19Z);17OOH/0:0
133796	WE 22:5(4Z,7Z,10Z,13Z,15E);17OOH/0:0
133797	WE 22:5(7Z,10Z,13Z,15E,19Z);17OOH/0:0
90820	WE 20:5(5Z,8Z,12E,14Z,17Z);11OH/0:0
78837	WE 20:4(5Z,8Z,11Z,13E);15OH/0:0
133819	WE 18:2(9Z,11E);13OH/0:0
133820	WE 18:2(10E,12Z);9OH/0:0
132127	WE 20:3(5Z,9E,14Z);11Ep;8OH/0:0
133899	WE 20:4(5Z,9E,11Z,13E);8OOH,15OOH/0:0
133900	WE 20:4(5Z,8Z,10E,12E);14OOH,15OOH/0:0
133939	WE 22:5(4Z,7Z,10Z,13Z,16Z);20OH/0:0
133938	WE 22:4(7Z,13Z,16Z,19Z);10Ep/0:0
133937	WE 22:4(7Z,10Z,16Z,19Z);13Ep/0:0
133936	WE 22:4(7Z,10Z,13Z,19Z);16Ep/0:0
133935	WE 22:4(7Z,10Z,13Z,16Z);19Ep/0:0
133934	WE 22:5(4Z,7Z,13Z,16Z,19Z);10Ep/0:0
133933	WE 22:5(4Z,7Z,10Z,16Z,19Z);13Ep/0:0
133932	WE 22:5(4Z,7Z,10Z,13Z,19Z);16Ep/0:0
133931	WE 22:5(4Z,7Z,10Z,13Z,16Z);19Ep/0:0
133974	WE 20:4(6E,8E,10E,14Z);5OH;12oxo/0:0
133975	WE 20:4(6E,10E,12E,14Z);5OH,12OH/0:0
57467	WE 18:2(9Z,12Z);11OOH/0:0
133985	WE 18:2(9Z,11E);13OOH/0:0
133987	WE 18:3(9Z,11E,15Z);13OOH/0:0
60962	WE 18:3(10E,12Z,15Z);9OOH/0:0
133989	WE 18:3(9Z,12Z,15Z);11OOH/0:0
133991	WE 18:3(10E,12Z,14E);9OOH,16OOH/0:0
134051	WE 20:3(9E,11Z,14Z);8OOH/0:0
134052	WE 20:3(8Z,11Z,14Z);10OOH/0:0
134053	WE 20:3(8Z,12E,14Z);11OOH/0:0
134056	WE 20:5(5Z,9E,11Z,14Z,17Z);8OOH/0:0
134057	WE 22:6(4Z,7Z,11E,13Z,16Z,19Z);10OOH/0:0
134054	WE 20:4(5Z,9E,11Z,14Z);8Ep/0:0
134079	WE 20:5(5Z,9E,11Z,14Z,17Z);8OOH/0:0
136107	CoA 20:3(5Z,11Z,14Z);8Ep
136115	CoA 20:3(5Z,8Z,14Z);11Ep
136117	CoA 20:3(5Z,8Z,11Z);14Ep
136286	WE 18:0;9OH/0:0
136282	WE 18:0;9O(FA 18:1(9Z))/0:0
83677	WE 18:0;12O(FA 16:0)/0:0
136302	WE 18:0;12O(FA 18:1(9Z))/0:0
136303	WE 18:0;13O(FA 18:1(9Z))/0:0
136304	WE 18:0;13OH/0:0
136309	WE 18:0;9O(FA 16:1(9Z))/0:0
136312	WE 18:0;12O(FA 16:1(9Z))/0:0
136315	WE 18:0;13O(FA 16:1(9Z))/0:0
136330	WE 18:0;12O(FA 18:0)/0:0
136335	WE 18:0;13O(FA 18:0)/0:0
136351	CoA 20:3(8Z,11Z,14Z);5Ep
136369	WE 18:0;5O(FA 16:1(9Z))/0:0
136370	WE 18:0;5OH/0:0
136373	WE 18:0;9O(FA 18:0)/0:0
136407	5-HETE-CoA
136408	CoA 20:4(5Z,8Z,10E,14Z);12OH
78832	WE 20:4(5Z,8Z,11Z,13E);15OH/0:0
136409	CoA 20:4(5Z,8Z,11Z,13E);15OH
136410	WE 22:5(4Z,7Z,10Z,13Z,16Z);19Ep/0:0
136411	WE 22:5(4Z,7Z,10Z,13Z,16Z);19Ep/0:0
136439	WE 20:4(5Z,11Z,14Z,17Z);8Ep/0:0
136443	WE 20:4(5Z,8Z,11Z,17Z);14Ep/0:0
136441	WE 20:4(5Z,8Z,14Z,17Z);11Ep/0:0
136522	WE 18:2(9Z,12Z);11OH/0:0
136523	WE 20:4(5Z,8Z,11Z,14Z);7OH/0:0
136524	WE 20:4(5Z,8Z,11Z,14Z);13OH/0:0
133345	WE 20:4(5Z,8Z,11Z,14Z);10OH/0:0
136655	WE 18:2(9Z,11E);13OH/0:0
136654	WE 20:4(5Z,8Z,11Z,14Z);13OH/0:0
136989	NAE 20:3(5Z,11Z,14Z);8Ep
136990	NAE 20:3(5Z,8Z,14Z);11Ep
136991	NAE 20:3(5Z,8Z,11Z);14Ep
136992	NAE 20:4(5Z,8Z,11Z,14Z);20OH
137166	WE 20:4(5Z,8Z,11Z,14Z);16OH/0:0
137167	WE 20:4(5Z,8Z,11Z,14Z);16OH/0:0
131958	WE 22:6(4Z,7Z,9E,11E,16Z,19Z);13Ep/0:0
137461	WE 18:0;9Ep/0:0
137458	WE 18:0;9Ep;18OH/0:0
137460	WE 18:0;9Ep/0:0
137459	WE 18:0;9Ep;18OH/0:0
137457	WE 18:0;9Ep;18OH/0:0
137467	WE 18:1(12Z);9Ep;18OH/0:0
137469	WE 18:1(9Z);12Ep;18OH/0:0
137474	WE 20:3(5Z,11Z,14Z);8Ep;20OH/0:0
137475	WE 20:3(5Z,8Z,14Z);11Ep;20OH/0:0
137476	WE 20:3(5Z,8Z,11Z);14Ep;20OH/0:0
137543	WE 20:4(6E,8Z,11Z,13E);5OOH,15OOH/0:0
137542	WE 20:4(7E,9E,11Z,14Z);5OH,6OH/0:0
137547	WE 20:4(7E,9E,11Z,13E);5OH,6OH;15OOH/0:0
137546	WE 20:4(6E,8Z,11Z,13E);5OH;15OOH/0:0
138290	CoA 8:0;2OH
138292	CoA 10:0;2OH
138296	CoA 4:0;3Me;2OH
138297	CoA 17:0;2OH
138298	CoA 20:0;2OH
138299	CoA 12:0;2OH
138300	CoA 14:0;2OH
58757	WE 18:3(9Z,11E,15Z);13OOH/0:0
87362	WE 5:0/2:0
87373	WE 5:0/3:0
86055	WE 2:0/6:0
88764	WE 2:0/4:0
89828	WE 3:0/3:0
89719	WE 3:0/4:0
138375	WE 7:2(1E,5);2Me,6Me/1:0
138373	WE 5:1(3);4Me/2:0
138404	CoA 6:1(4E)
138437	WE 14:0;3OH/0:0
71590	WE 14:2(3E,5Z)/0:0
138558	CoA 12:2(3E,5Z)
138569	WE 12:2(3E,5Z)/0:0
131445	CoA 5:0;4Me
74904	WE 5:0;4Me/0:0
138607	CoA 5:0;3OH
138608	WE 5:0;3OH/0:0
138630	CoA 6:0;2OH
138628	CoA 4:0;2OH
138634	CoA 9:0;3Me
138633	CoA 9:0;3Me;2OH
138632	CoA 11:0;3Me;2OH
138637	CoA 12:0;3Me
138636	CoA 12:0;3Me;2OH
138631	FAL 17:0
138635	FAL 16:0;2OH
138654	CoA 16:0;2OH
17302	FAL 15:0
67152	WE 5:2(2,4);OH/0:0
58222	WE 5:0;4OH;2oxo/0:0
11641	WE 5:1(4);oxo/0:0
139559	CoA 18:1(9Z);12OH
139104	WE 10:0;3O(FA 10:0;3OH)/0:0
136389	WE 18:0;5O(FA 18:1(9Z))/0:0
136988	NAE 20:3(8Z,11Z,14Z);5Ep
137320	WE 20:3(5Z,8Z,11Z);14Ep;13OH/0:0
138587	CoA 5:0;3OH
138588	WE 5:0;3OH/0:0
134072	NAPE 16:0/16:0/16:0
